KEY,NOTES,ENGLISH,RUSSIAN

ACTION.DRINK_FROM_RIVER,,from river,из реки
ACTION.JOB.BUTCHER_CREATURE,,Butchering,Разделка мяса
ACTION.JOB.CLEAR_GROUND,E.g. “Clearing shrub”,Clearing {{targetPlant}},Расчистка: {{targetPlant}}
ACTION.JOB.CONSTRUCT_FLOORING,,Laying floor,Укладка пола
ACTION.JOB.CONSTRUCT_FURNITURE,E.g. “Crafting furniture”,{{profession.verb}} {{targetDescription}},{{profession.verb}}: {{targetDescription}}
ACTION.JOB.CONSTRUCT_MECHANISM,,Placing mechanisms,Размещение механизмов
ACTION.JOB.CONSTRUCT_PIPING,,Placing pipe,Установка труб
ACTION.JOB.CONSTRUCT_ROOFING,,Constructing roof,Сооружение крыши
ACTION.JOB.CREATE_GENERIC,,Producing {{targetDescription}},Производство: {{targetDescription}}
ACTION.JOB.DECONSTRUCT,E.g. “Removing stone wall” “Removing wooden wall”,Removing {{targetDescription}},Удаление: {{targetDescription}}
ACTION.JOB.DECONSTRUCT_MECHANISM,,Removing mechanism,Удаление механизмов
ACTION.JOB.DECONSTRUCT_PIPING,,Removing pipe,Удаление труб
ACTION.JOB.DECONSTRUCT_ROOFING,,Removing roof,Удаление крыши
ACTION.JOB.DIGGING,,Digging {{targetDescription}},Копание: {{targetDescription}}
ACTION.JOB.DUMP_LIQUID_FROM_CONTAINER,For emptying the liquid contents out of a container,Emptying out contents of {{targetDescription}},Опорожнение: {{targetDescription}}
ACTION.JOB.EXTINGUISH_FLAMES,,Putting out a fire,Тушение огня
ACTION.JOB.FILL_GRAVE,For filling a grave with dirt,Filling {{targetDescription}},Засыпка: {{targetDescription}}
ACTION.JOB.FISHING,,Fishing,Рыбалка
ACTION.JOB.GENERIC,"E.g. “Smelting iron ore”, “Crafting wooden planks”",{{profession.verb}} {{targetDescription}},{{profession.verb}}: {{targetDescription}}
ACTION.JOB.HARVESTING,,Harvesting {{targetPlant}},Сбор урожая: {{targetPlant}}
ACTION.JOB.INNOCULATE_MUSHROOM_LOG,,Injecting mushroom spawn,Введение грибных спор
ACTION.JOB.LOGGING,,{{profession.verb}} {{targetPlant}},{{profession.verb}}: {{targetPlant}}
ACTION.JOB.PLANTING,,Planting {{requiredItem}},Посадка: {{requiredItem}}
ACTION.JOB.REMOVE_PESTS_FROM_CROP,,Removing pests from {{targetPlant}},Удаление вредителей: {{targetPlant}}
ACTION.JOB.SHOVELLING,,Shovelling {{targetDescription}},Уборка лопатой: {{targetDescription}}
ACTION.JOB.TILLING,,Tilling the earth,Возделывание земли
ACTION.JOB.TRANSFER_LIQUID,For filling a container with a liquid,Filling {{targetDescription}},Заполнение: {{targetDescription}}
ACTION.KNOCKED_UNCONSCIOUS,,Knocked unconscious,Без сознания
ACTION.MALTING.VERB,,Malting,Соложение
ACTION.PREPARATION.VERB,,Preparing,Подготовка
ACTION.SELECT_JOB.DESCRIPTION,When looking for a job to work,Looking for work to do,Ищет работу
ACTION.SLEEP_ON_FLOOR.DESCRIPTION,E.g. “Sleeping on rough stone floor”,Sleeping on {{tileDescription}},Спит: {{tileDescription}}
ACTION.STUNNED,,Stunned,Оглушен

ARMOUR.LEATHER,,Leather armour,Кожаная броня
ARMOUR.LEATHER.TOOLTIP,,A light and basic armour to protect you in combat,Легкая и простая броня для защиты в бою
ARMOUR.ORC.HEAVY,,Orc armour,Орочья броня
ARMOUR.ORC.LIGHT,,Leather orc armour,Кожаная орочья броня
ARMOUR.PLATE,,Plate armour,Латы
ARMOUR.PLATE.TOOLTIP,,Thick and sturdy armour which offers a lot of protection in combat,"Толстая и прочная броня, которая хорошо защищает в бою"

ASHES.NOUN,,Ash,Пепел

BODY_STRUCTURE.ABDOMEN,,Abdomen,Живот
BODY_STRUCTURE.ARM,,Arm,Рука
BODY_STRUCTURE.CEPHALOTHORAX,,Cephalothorax,Головогрудь
BODY_STRUCTURE.DAMAGE.BLEEDING,,Bleeding,Кровотечение
BODY_STRUCTURE.DAMAGE.BROKENBONES,,Broken,Перелом
BODY_STRUCTURE.DAMAGE.BRUISED,,Bruised,Ушиб
BODY_STRUCTURE.DAMAGE.DESTROYED,,Destroyed,Разрушение
BODY_STRUCTURE.DAMAGE.NOT_INJURED,,Not Injured,Без ранений
BODY_STRUCTURE.DISCRIMINATOR.BACKLEFT,,Rear left,сзади слева
BODY_STRUCTURE.DISCRIMINATOR.BACKRIGHT,,Rear right,сзади справа
BODY_STRUCTURE.DISCRIMINATOR.FIRSTLEFT,,First left,слева 1
BODY_STRUCTURE.DISCRIMINATOR.FIRSTRIGHT,,First right,справа 1
BODY_STRUCTURE.DISCRIMINATOR.FOURTHLEFT,,Fourth left,слева 4
BODY_STRUCTURE.DISCRIMINATOR.FOURTHRIGHT,,Fourth right,справа 4
BODY_STRUCTURE.DISCRIMINATOR.FRONTLEFT,,Front left,спереди слева
BODY_STRUCTURE.DISCRIMINATOR.FRONTRIGHT,,Front right,спереди справа
BODY_STRUCTURE.DISCRIMINATOR.LEFT,,Left,слева
BODY_STRUCTURE.DISCRIMINATOR.RIGHT,,Right,справа
BODY_STRUCTURE.DISCRIMINATOR.SECONDLEFT,,Second left,слева 2
BODY_STRUCTURE.DISCRIMINATOR.SECONDRIGHT,,Second right,справа 2
BODY_STRUCTURE.DISCRIMINATOR.THIRDLEFT,,Third left,слева 3
BODY_STRUCTURE.DISCRIMINATOR.THIRDRIGHT,,Third right,справа 3
BODY_STRUCTURE.FOOT,,Foot,Ступня
BODY_STRUCTURE.HAND,,Hand,Кисть
BODY_STRUCTURE.HEAD,,Head,Голова
BODY_STRUCTURE.HOOF,,Hoof,Копыто
BODY_STRUCTURE.LEFT-ARM,,Left arm,Левая рука
BODY_STRUCTURE.LEFT-HAND,,Left hand,Левая кисть
BODY_STRUCTURE.LEG,,Leg,Нога
BODY_STRUCTURE.ORGAN.BRAIN,,Brain,Мозг
BODY_STRUCTURE.ORGAN.EYE,,Eye,Глаз
BODY_STRUCTURE.ORGAN.HEART,,Heart,Сердце
BODY_STRUCTURE.ORGAN.INTESTINES,,Intestines,Кишечник
BODY_STRUCTURE.ORGAN.KIDNEY,,Kidney,Почка
BODY_STRUCTURE.ORGAN.LUNG,,Lung,Легкое
BODY_STRUCTURE.ORGAN_DAMAGE.DESTROYED,,Destroyed,Разрушение
BODY_STRUCTURE.ORGAN_DAMAGE.HEAVY,,Heavy damage to,Тяжелое повреждение
BODY_STRUCTURE.ORGAN_DAMAGE.LIGHT,,Light damage to,Легкое повреждение
BODY_STRUCTURE.PAW,,Paw,Лапа
BODY_STRUCTURE.RIGHT-ARM,,Right arm,Правая рука
BODY_STRUCTURE.RIGHT-HAND,,Right hand,Правая кисть
BODY_STRUCTURE.TORSO,,Chest,Грудь
BODY_STRUCTURE.TRUNK,,Trunk,Туловище

BONE.BONE,,Bone,Кость

CARCASS.CARP.PREPARED.NOUN,,Carp fillet,Филе карпа
CARCASS.CARP.PREPARED.PLURAL,,Carp fillets,Филе карпа
CARCASS.GROUP,,Corpses,Трупы
CARCASS.HIDE.NOUN,,Hide,Шкура
CARCASS.HIDE.PLURAL,,Hides,Шкуры
CARCASS.MEAT.LARGE,,Meat (large),Мясо (большой кусок)
CARCASS.MEAT.MEDIUM,,Meat (medium),Мясо (средний кусок)
CARCASS.MEAT.SMALL,,Meat (small),Мясо (маленький кусок)
CARCASS.PERCH.PREPARED.NOUN,,Perch fillet,Филе окуня
CARCASS.PERCH.PREPARED.PLURAL,,Perch fillets,Филе окуня
CARCASS.PIKE.PREPARED.NOUN,,Pike fillet,Филе щуки
CARCASS.PIKE.PREPARED.PLURAL,,Pike fillets,Филе щуки

CLOTH.BRONZED_HEMP,,Hemp,Бронзовая пенька
CLOTH.BRONZED_HEMP.NOUN,,,Бронзовая пенька
CLOTH.BRONZED_HEMP.ADJECTIVE,,,из бронзовой пеньки
CLOTH.HEMP-LINEN,,Hemp,Пенька
CLOTH.HEMP-LINEN.NOUN,,,Пенька
CLOTH.HEMP-LINEN.ADJECTIVE,,,из пеньки
CLOTH.LIGHT_HEMP,,Hemp,Светлая пенька
CLOTH.LIGHT_HEMP.NOUN,,,Светлая пенька
CLOTH.LIGHT_HEMP.ADJECTIVE,,,из светлой пеньки
CLOTH.TOBACCO_CLOTH,,Tobacco cloth,Табачная ткань
CLOTH.TOBACCO_CLOTH.NOUN,,,Табачная ткань
CLOTH.TOBACCO_CLOTH.ADJECTIVE,,,табачного цвета

COMBAT.DESCRIPTION.FLEEING,,Fleeing from combat,Бежит с поля боя
COMBAT.DESCRIPTION.GENERIC,,In combat,В бою
COMBAT.DESCRIPTION.VERSUS_OPPONENT,,In combat with {{targetDescription}},В бою: {{targetDescription}}

CONSTRUCTION.DESCRIPTION,E.g. “Construction of granite stonemason workbench”,Construction of {{materialType.adjective}} {{furnitureType.noun}},Строительство: {{furnitureType.noun}} {{materialType.adjective}}
CONSTRUCTION.REQUIREMENT_ALLOCATION,E.g. “1 of 3 marble blocks allocated” (or assigned),{{numRequired}} required{{\n}}{{numAvailable}} available{{\n}}{{numAssigned}} assigned,Нужно: {{numRequired}}{{\n}}Доступно: {{numAvailable}}{{\n}}Назначено: {{numAssigned}}
CONSTRUCTION.REQUIREMENT_RECIPE_MULTIPLE,,{{outputItemType}} are made from {{inputItemTypes}} and {{lastInputItemType}} at the {{furnitureType}} by {{profession}}.,{{outputItemType}}. Сырье: {{inputItemTypes}} и {{lastInputItemType}}. Где: {{furnitureType}}. Кто: {{profession}}.
CONSTRUCTION.REQUIREMENT_RECIPE_SINGULAR,,{{outputItemType}} are made from {{lastInputItemType}} at the {{furnitureType}} by {{profession}}.,{{outputItemType}}. Сырье: {{lastInputItemType}}. Где: {{furnitureType}}. Кто: {{profession}}.
CONSTRUCTION.STATUS.CLEARING_WORK_SITE,This is to be displayed when other items need to be cleared out from an area that has something being built over it,Removing other items,Уборка посторонних предметов
CONSTRUCTION.STATUS.CLEARING_WORK_SITE.TOOLTIP,,There are items that need to be removed from this furniture’s construction area before it can progress.,"На месте постройки лежат предметы. Пока их не уберут, строительство не продолжится."
CONSTRUCTION.STATUS.SELECTING_MATERIALS,E.g. “Waiting for more wooden planks to be available”,Waiting for more {{materialType}} {{itemDescription.plural}} to be available,Ожидание материалов: {{itemDescription.plural}} {{materialType.adjective}}
CONSTRUCTION.STATUS.WAITING_FOR_COMPLETION,This is displayed once all resources are in place and the construction is being worked on,Under construction,Идет строительство
CONSTRUCTION.STATUS.WAITING_FOR_RESOURCES,This is displayed while a construction is waiting for resource items to be placed in the build area,Waiting for resources to arrive,Ожидание доставки ресурсов

COOKING.BREAD.DESCRIPTION,E.g. “Wheat bread”,{{materialDescription}} bread,Хлеб
COOKING.DUAL_INGREDIENT.DESCRIPTION,"E.g. “Tomato and potato”, to be used for for two ingredients together as below",{{materialOne}} and {{materialTwo}},{{materialOne}} и {{materialTwo}}
COOKING.RATION.DESCRIPTION,E.g. “Rockbread ration”,{{materialDescription}} ration,Паек
COOKING.SOUP.DESCRIPTION,"E.g. “Tomato soup”, “Tomato and potato soup”, “Vegetable soup”",{{materialDescription}} soup,Суп: {{materialDescription}}
COOKING.TRIPLE_INGREDIENT.DESCRIPTION,"E.g. “Fish, tomato and potato”, to be used for for three ingredients together as below","{{materialOne}}, {{materialTwo}} and {{materialThree}}","{{materialOne}}, {{materialTwo}} и {{materialThree}}"

CRAFTING_TYPE.BAKING,,Baking,Выпечка
CRAFTING_TYPE.BLACKSMITHING,,Blacksmithing,Кузнечное дело
CRAFTING_TYPE.BONE_CRAFTING,,Bone crafting,Резьба по кости
CRAFTING_TYPE.CARPENTRY,,Carpentry,Плотницкое дело
CRAFTING_TYPE.CARVING_VERB,,Carving,Резьба
CRAFTING_TYPE.COKE_OVEN_BAKING,,Coke baking,Коксование
CRAFTING_TYPE.FERMENTING,,Fermenting,Брожение
CRAFTING_TYPE.FINE_DETAIL_CRAFTING,,Fine detailing,Тонкая работа
CRAFTING_TYPE.FLETCHING,,Fletching,Изготовление стрел
CRAFTING_TYPE.LEATHERWORKING,,Leatherworking,Кожевенное дело
CRAFTING_TYPE.MALTING,,Malting,Соложение
CRAFTING_TYPE.MALT_MASHING,,Malt mashing,Затирание солода
CRAFTING_TYPE.MILLING,,Milling,Помол
CRAFTING_TYPE.MINTING,,Minting,Чеканка
CRAFTING_TYPE.ORE_CRUSHING,,Ore crushing,Дробление руды
CRAFTING_TYPE.SMELTING,,Smelting,Плавка
CRAFTING_TYPE.STONEMASONRY,,Stonemasonry,Работа с камнем
CRAFTING_TYPE.TANNING_HIDE,,Hide tanning,Дубление шкур
CRAFTING_TYPE.WEAPONSMITHING,,Weaponsmithing,Оружейное дело
CRAFTING_TYPE.WEAVING,,Weaving,Ткачество
CRAFTING_TYPE.WOODCUTTING,,Woodcutting,Распил древесины
CRAFTING_TYPE.WORT_BREWING,,Brewing,Пивоварение

CREATURE.DAMAGE.DESCRIPTION_A,,{{damageType}} {{bodyPart}},{{bodyPart}}: {{damageType}}
CREATURE.DAMAGE.DESCRIPTION_B,,{{damageType}} {{discriminator}} {{bodyPart}},{{bodyPart}} ({{discriminator}}): {{damageType}}
CREATURE.DESCRIPTION,,{{gender.adjective}} {{race.noun}},{{gender.adjective}} {{race.noun}}
CREATURE.STATUS.BLINDED,,Blinded,Ослеплен
CREATURE.STATUS.DEAD,,Dead,Мертв
COMBAT.DAMAGE_TYPE.STABBING,,Piercing,Колющий
COMBAT.DAMAGE_TYPE.SLASHING,,Slashing,Режущий
COMBAT.DAMAGE_TYPE.CRUSHING,,Crushing,Дробящий

CROP.AFFLICTED_BY_PESTS,For when a crop plant is infested with insects and other pests and needs some work to remove them,Afflicted by pests,Поражено вредителями
CROP.AFFLICTED_BY_PESTS.TOOLTIP,,This crop has been afflicted by an excessive number of aphids and other insects which need to be removed by a {{PROFESSION.FARMER}} before it can flourish again. Not removing the pests in time could mean that this crop dies!,"На растении слишком много тли и других насекомых. Пока их не уберет {{PROFESSION.FARMER}}, оно не будет расти. Если не убрать вредителей вовремя, урожай может погибнуть!"
CROP.DESCRIPTION,,{{materialType.noun}} plant,Растение: {{materialType.noun}}
CROP.HARVEST_PROGRESS,E.g. “Progress towards harvest: 30%”,Progress towards harvest ({{progress}}%):,Созревание урожая ({{progress}}%):
CROP.MOISTURE_STATE.DROUGHTED,,This plant has no access to water for a long time and has stopped growing,"Это растение долгое время не имеет доступа к воде и перестало расти. "
CROP.MOISTURE_STATE.NEEDS_WATERING,,This plant has not been watered and is growing slowly,"Это растение не поливали и оно медленно растет "
CROP.MOISTURE_STATE.NEEDS_WATERING.TOOLTIP,,You can irrigate your crops with a channel containing water with 2 tiles.,Посевы можно поливать из оросительного канала с водой в пределах 2 клеток.
CROP.MOISTURE_STATE.WATERED,,This plant has been watered recently and is growing quickly,"Это растение недавно поливали и оно быстро растет. "

DEATH_REASON.BURNING,These are used in conjunction with the NOTIFICATION.DEATH.DESCRIPTION translation,Burning,Огонь
DEATH_REASON.CRITICAL_ORGAN_DAMAGE,,Critical organ damage,"Критическое повреждение органа "
DEATH_REASON.CRUSHED_BY_FALLING_DEBRIS,These are used in conjunction with the NOTIFICATION.DEATH.DESCRIPTION translation,Falling debris,Обвал
DEATH_REASON.DEHYDRATION,These are used in conjunction with the NOTIFICATION.DEATH.DESCRIPTION translation,Dehydration,Обезвоживание
DEATH_REASON.EXHAUSTION,These are used in conjunction with the NOTIFICATION.DEATH.DESCRIPTION translation,Exhaustion,"Истощение "
DEATH_REASON.EXTENSIVE_INJURIES,,Extensive injuries,Множественные ранения
DEATH_REASON.FOOD_POISONING,These are used in conjunction with the NOTIFICATION.DEATH.DESCRIPTION translation,Food poisoning,Пищевое отравление
DEATH_REASON.FROZEN,These are used in conjunction with the NOTIFICATION.DEATH.DESCRIPTION translation,Exposure to freezing weather,Переохлаждение
DEATH_REASON.GIVEN_UP_ON_LIFE,,having given up on life,Потеря воли к жизни
DEATH_REASON.INTERNAL_BLEEDING,,Internal bleeding,Внутреннее кровотечение
DEATH_REASON.KILLED_BY_ENTITY,,wounds suffered in combat,"Раны, полученные в бою"
DEATH_REASON.MURDERED.UNKNOWN_KILLER,,someone,Неизвестный
DEATH_REASON.STARVATION,These are used in conjunction with the NOTIFICATION.DEATH.DESCRIPTION translation,Starvation,Голод
DEATH_REASON.SUFFOCATION,,Suffocation,"Удушье "
DEATH_REASON.UNKNOWN,,Mysterious circumstances,Загадочные обстоятельства

EARTH.DIRT,,Dirt,Земля
EARTH.GRASS,,Grass,Трава

EFFECT.FIRE,When the player selects a fire by itself,Fire,Огонь

ENTITY.DESTRUCTION_DESCRIPTION.BURNED,,Destroyed by fire,Уничтожено огнем
ENTITY.DESTRUCTION_DESCRIPTION.COMBAT_DAMAGE,,Destroyed during combat,Уничтожено в бою
ENTITY.DESTRUCTION_DESCRIPTION.OXIDISED,,Destroyed by prolonged exposure to rain,Разрушено долгим пребыванием под дождем

FACTION.HOSTILE_INVASION,,Hostile Invader,Захватчик
FACTION.MERCHANTS,,Merchant,Торговец
FACTION.MONSTERS,,Monster,Чудовище
FACTION.PIRATES,,Pirate,Пират
FACTION.SETTLEMENT,,Settler,Поселенец
FACTION.SETTLEMENT.ANIMAL,,Domesticated Animal,Домашнее животное
FACTION.WILD_ANIMALS,,Wild Animal,Дикое животное

FLOOR.CHANNEL.DESCRIPTION,,Irrigation channel ({{state}}),"Оросительный канал ({{state}}) "
FLOOR.CHANNEL.DESCRIPTION.TOOLTIP,,Irrigation channels provide access to water to crops within 2 tiles. Build a water pump and connect the channels to it using pipes.,"Оросительные каналы обеспечивают доступ к воде сельскохозяйственных культур в пределах 2 клеток. Постройте водяной насос и подключите к нему каналы с помощью труб. "
FLOOR.CHANNEL.STATE.EMPTY,,Empty,Пустой
FLOOR.CHANNEL.STATE.FULL,,Full,Полный
FLOOR.CHANNEL.STATE.PARTIALLY_FILLED,,Partially-filled,"Частично заполнен "
FLOOR.COBBLESTONE,,Cobblestone,Булыжник
FLOOR.DESCRIPTION,,{{floorType.noun}},{{floorType.noun}}
FLOOR.DIRT,,Dirt,Земля
FLOOR.GRASS,,Grass,Трава
FLOOR.GRAVEL,,Gravel,Гравий
FLOOR.PIPE.DESCRIPTION,,{{material}} pipe ({{state}}),Труба: {{material}} ({{state}})
FLOOR.POWER.DESCRIPTION,,{{entity}} - Power available: {{powerAmount}},{{entity}} - доступная энергия: {{powerAmount}}
FLOOR.RIVER,,River,Река
FLOOR.ROUGH_STONE,,Rough stone floor,Грубый каменный пол
FLOOR.SNOW,,Fallen snow,Выпавший снег
FLOOR.STONE_PAVING,,Stone paving,"Брусчатка "
FLOOR.STONE_SLAB,,Stone slab,Каменная плитка
FLOOR.TILLED_EARTH,,Tilled earth,Обработанная земля
FLOOR.UNEXPLORED,Used when the player clicks on an area they have not discovered yet,Unexplored,Не исследовано
FLOOR.WOODEN,,Wooden floorboards,Деревянный пол

FOODSTUFF.ROCKBREAD,This is a made-up fantasy food,Rockbread,Каменный хлеб
FOODSTUFF.ROCKBREAD.NOUN,,,Каменный хлеб
FOODSTUFF.ROCKBREAD.ADJECTIVE,,,из каменного хлеба
FOODSTUFF.ROCKBREAD.TOOLTIP,,This is an infamously tough bread which is so hard and practically inedible that it takes a very long time to turn mouldy. The human explorer Rosalie Moon once described eating it as “akin to chewing gravel that has been dredged from a swamp”. Fortunately most dwarves don’t seem to mind.,"Печально известный хлеб: он настолько твердый и почти несъедобный, что плесневеет очень нескоро. Исследовательница Розали Мун однажды сравнила его вкус с «гравием, вычерпанным из болота». К счастью, большинство гномов, похоже, не возражают."
FOODSTUFF.WHEAT-BREAD,"Actually just to describe “wheat” as a foodstuff, not specifically bread",Wheat,Пшеница
FOODSTUFF.WHEAT-BREAD.NOUN,,,Пшеница
FOODSTUFF.WHEAT-BREAD.ADJECTIVE,,,из пшеницы

FUEL.SACK,,Fuel,Топливо
FUEL.SACK.TOOLTIP,,"Fuel is required in the production of metal, both by the {{FURNITURE.BLOOMERY_FURNACE}} and the {{FURNITURE.FORGE}}.","Топливо нужно для производства металла: его используют и {{FURNITURE.BLOOMERY_FURNACE}}, и {{FURNITURE.FORGE}}."

FURNITURE.ARCHERY_TARGET,,Archery target,Мишень для стрельбы
FURNITURE.ARCHERY_TARGET.TOOLTIP,,Military settlers will practice their ranged combat skills here up to level 50.,Военные поселенцы тренируют здесь навыки дальнего боя до 50-го уровня.
FURNITURE.ARMOUR_STAND,,Armour stand,Стойка для брони
FURNITURE.ARMOUR_STAND.TOOLTIP,,Used to store armour.,Для хранения брони.
FURNITURE.ARTISAN_WORKSTATION,,Artisan workstation,Верстак ремесленника
FURNITURE.ARTISAN_WORKSTATION.TOOLTIP,,A crafting station for intricate items produced by an {{PROFESSION.ARTISAN}}.,Место для изготовления тонких изделий. Здесь работает {{PROFESSION.ARTISAN}}.
FURNITURE.BAKERS_WORKTOP,,Baker’s worktop,Стол пекаря
FURNITURE.BAKERS_WORKTOP.TOOLTIP,,A {{PROFESSION.CHEF}} works here to turn {{RESOURCE.FLOUR.SACK.PLURAL}} into {{INGREDIENT.DOUGH}}.,Здесь работает {{PROFESSION.CHEF}}. Сырье: {{RESOURCE.FLOUR.SACK.PLURAL}}. Продукт: {{INGREDIENT.DOUGH}}.
FURNITURE.BAKING_OVEN,For the baking of bread,Baker's oven,Хлебная печь
FURNITURE.BAKING_OVEN.TOOLTIP,,A {{PROFESSION.CHEF}} bakes loaves here using prepared {{INGREDIENT.DOUGH}}.,Здесь {{PROFESSION.CHEF}} выпекает хлеб. Сырье: {{INGREDIENT.DOUGH}}.
FURNITURE.BEER_TAPPER,,Beer tapper,"Пивной кран "
FURNITURE.BEER_TAPPER.STATE.BEER_AVAILABLE,,Beer is available,Пиво есть
FURNITURE.BEER_TAPPER.STATE.BEER_BARREL_INCOMING,,A beer barrel is on the way,Бочка с пивом уже в пути
FURNITURE.BEER_TAPPER.STATE.BEER_EXHAUSTED,,The beer has all gone!,Пиво закончилось!
FURNITURE.BEER_TAPPER.STATE.IDLE,,Idle (no beer available),Простаивает (пива нет)
FURNITURE.BEER_TAPPER.TOOLTIP,,This is where fermented {{LIQUID.BEER}} is served from.,Отсюда разливают {{LIQUID.BEER}}.
FURNITURE.BLOOMERY_FURNACE,A simple type of furnace to smelt metal from ore,Bloomery furnace,Сыродутная печь
FURNITURE.BLOOMERY_FURNACE.TOOLTIP,,A {{PROFESSION.BLACKSMITH}} uses this hand-operated furnace to turn {{RESOURCE.ORE.CRUSHED.PLURAL}} and {{FUEL.SACK}} into {{MATERIAL_TYPE.METAL.ADJECTIVE}} {{RESOURCE.METAL.INGOT.PLURAL}}.,"Ручная печь, в которой работает {{PROFESSION.BLACKSMITH}}. Сырье: {{RESOURCE.ORE.CRUSHED.PLURAL}} и {{FUEL.SACK}}. Продукт: {{RESOURCE.METAL.INGOT.PLURAL}}."
FURNITURE.BONE_CRAFTING_BENCH,,Bone crafting bench,Верстак резчика по кости
FURNITURE.BONE_CRAFTING_BENCH.TOOLTIP,,This is used to construct items out of bone.,Здесь из кости делают различные предметы.
FURNITURE.BREW_KETTLE,,Brew kettle,Сусловарочный котел
FURNITURE.BREW_KETTLE.TOOLTIP,,This is used to produce the final wort (unfermented beer) using {{VEGETABLE.HOPS}} and wort from the {{FURNITURE.MASH_TUN}}.,Здесь варят готовое сусло (неперебродившее пиво). Сырье: {{VEGETABLE.HOPS}} и сусло из чана «{{FURNITURE.MASH_TUN}}».
FURNITURE.BUTCHERY_WORKTOP,,Butchery worktop,Стол для разделки мяса
FURNITURE.BUTCHERY_WORKTOP.TOOLTIP,,Fish and animal carcasses are prepared here into usable meat.,Здесь туши рыбы и животных разделывают на мясо.
FURNITURE.BUYING_PALLET,,Buying pallet,Поддон закупки
FURNITURE.BUYING_PALLET.TOOLTIP,,Use this to determine which items to buy from the merchants.,"Укажите здесь, какие товары покупать у торговцев."
FURNITURE.CARPENTRY_WORKBENCH,,Carpentry workbench,Столярный верстак
FURNITURE.CARPENTRY_WORKBENCH.TOOLTIP,,"Most wooden items and tools are produced here, such as {{PRODUCT.BUCKET.PLURAL}} and {{PRODUCT.BARREL.PLURAL}}.","Здесь делают большинство деревянных изделий и инструментов, например: {{PRODUCT.BUCKET.PLURAL}}, {{PRODUCT.BARREL.PLURAL}}."
FURNITURE.CAULDRON,A large metal pot for cooking (common with Halloween),Cauldron,Котел
FURNITURE.CAULDRON.TOOLTIP,,A cauldron is used to serve a large quantity of soup to hungry settlers. The soup is produced in a {{ROOMS.KITCHEN}} before being moved to a {{ROOMS.FEASTING_HALL}} for serving.,"Из котла раздают суп голодным поселенцам. Суп варят в помещении «{{ROOMS.KITCHEN}}», а потом переносят в «{{ROOMS.FEASTING_HALL}}»."
FURNITURE.CHAIR,,Chair,Стул
FURNITURE.CHAIR.TOOLTIP,,Settlers can sit here while using the {{FURNITURE.FEASTING_TABLE}}.,"Здесь поселенцы сидят, когда едят за столом «{{FURNITURE.FEASTING_TABLE}}»."
FURNITURE.CHARCOAL_CLAMP,,Charcoal clamp,Углежогная куча
FURNITURE.CHARCOAL_CLAMP.TOOLTIP,,"This is a pile of {{RESOURCE.LOGS.PLURAL}} covered with {{MATERIAL_TYPE.EARTH}} and slowly burned to produce {{ORE.CHARCOAL.NOUN}}, which can then be used as {{FUEL.SACK}}.","Куча, в которой под слоем земли медленно тлеют {{RESOURCE.LOGS.PLURAL}}. Продукт: {{ORE.CHARCOAL.NOUN}}, который используется как {{FUEL.SACK}}."
FURNITURE.COKE_OVEN,,Coke oven,Коксовая печь
FURNITURE.COKE_OVEN.TOOLTIP,,A coke oven converts {{ORE.BITUMINOUS_COAL.NOUN}} into {{ORE.COKE.NOUN}} so that it can be used as {{FUEL.SACK}}.,"Сырье: {{ORE.BITUMINOUS_COAL.NOUN}}. Продукт: {{ORE.COKE.NOUN}}, который используется как {{FUEL.SACK}}."
FURNITURE.DESCRIPTION,E.g. “Granite stonemason workbench”,{{materialType.adjective}} {{furnitureType.noun}},{{furnitureType.noun}} {{materialType.adjective}}
FURNITURE.DESCRIPTION.GENERIC_PROGRESS,,Progress to completion: {{progress}}%,Прогресс до завершения: {{progress}}%
FURNITURE.DESCRIPTION.MUSHROOM_INNOCULATION_IN_PROGRESS,,Progress to complete innoculation: {{progress}}%,Заселение грибницы: {{progress}}%
FURNITURE.DESCRIPTION.SHOCKING_IN_PROGRESS,,Progress: {{progress}}%,Прогресс: {{progress}}%
FURNITURE.DESCRIPTION.WAITING_FOR_ITEM,,Waiting for {{itemType.noun}},Ожидание: {{itemType.noun}}
FURNITURE.DESCRIPTION.WAITING_FOR_LIQUID,,Waiting to be filled,Ожидание заполнения
FURNITURE.DESCRIPTION.WAITING_FOR_MUSHROOM_SPAWN,,Waiting to be injected with mushroom spawn,Ожидает заселения грибницей
FURNITURE.DOUGH_PROOFING_TABLE,,Dough proofing table,Стол для расстойки теста
FURNITURE.DOUGH_PROOFING_TABLE.TOOLTIP,,Dough can be taken from {{FURNITURE.BAKERS_WORKTOP}} to store here before entering the {{FURNITURE.BAKING_OVEN}}.,"Тесто со стола «{{FURNITURE.BAKERS_WORKTOP}}» лежит здесь, пока не отправится в печь «{{FURNITURE.BAKING_OVEN}}»."
FURNITURE.EXPORT_PALLET,,Export pallet,Поддон экспорта
FURNITURE.EXPORT_PALLET.TOOLTIP,,Use this to determine which items to export from the room.,"Укажите здесь, какие предметы выносить из комнаты."
FURNITURE.FEASTING_TABLE,A very large table for a feast,Feasting table,Обеденный стол
FURNITURE.FEASTING_TABLE.TOOLTIP,,"With a {{FURNITURE.CHAIR}} in place, your settlers will enjoy their meals at this table.","Если рядом стоит {{FURNITURE.CHAIR}}, поселенцы будут с удовольствием есть за этим столом."
FURNITURE.FERMENTATION_TANK,,Fermentation tank,Бродильный чан
FURNITURE.FERMENTATION_TANK.TOOLTIP,,This is where {{LIQUID.HOPPED_WORT}} is fermented into {{LIQUID.BEER}}.,Здесь {{LIQUID.HOPPED_WORT}} бродит и превращается в пиво.
FURNITURE.FISH_BARREL,,Fish barrel,Бочка для рыбы
FURNITURE.FISH_BARREL.TOOLTIP,,Neatly store away your caught fish for future cooking.,Здесь аккуратно хранят пойманную рыбу до готовки.
FURNITURE.FLETCHERS_WORKBENCH,,Fletcher's workbench,Верстак оружейника-лучника
FURNITURE.FLETCHERS_WORKBENCH.TOOLTIP,,This is a crafting station for ranged weapons and ammunition.,Здесь делают оружие дальнего боя и боеприпасы.
FURNITURE.FLOUR_MILL,This is a table with a hand-operated flour mill stone on top,Gristmill,Ручная мельница
FURNITURE.FLOUR_MILL.TOOLTIP,,The gristmill grinds {{VEGETABLE.WHEAT}} into {{RESOURCE.FLOUR.SACK.NOUN}} so that it can be used by a {{PROFESSION.CHEF}}.,"Сырье: {{VEGETABLE.WHEAT}}. Продукт: {{RESOURCE.FLOUR.SACK.NOUN}}, с которой работает {{PROFESSION.CHEF}}."
FURNITURE.FORGE,,Forge,Кузнечный горн
FURNITURE.FORGE.TOOLTIP,,This is where a {{PROFESSION.BLACKSMITH}} works with {{MATERIAL_TYPE.METAL.ADJECTIVE}} {{RESOURCE.METAL.INGOT.PLURAL}} and {{FUEL.SACK}} to craft items and weapons.,Здесь работает {{PROFESSION.BLACKSMITH}}. Сырье: {{RESOURCE.METAL.INGOT.PLURAL}} и {{FUEL.SACK}}. Продукт: инструменты и оружие.
FURNITURE.GRAVE,,Grave,Могила
FURNITURE.GRAVE.TOOLTIP,,A hastily-dug grave for deceased settlers that can only be dug into {{MATERIAL_TYPE.EARTH}}.,Наспех вырытая могила для умерших поселенцев. Копать ее можно только в земле.
FURNITURE.HITCHING_POST,,Hitching post,Коновязь
FURNITURE.HITCHING_POST.TOOLTIP,,Visiting merchants will park their wagons here.,Здесь заезжие торговцы ставят свои повозки.
FURNITURE.IMPORT_PALLET,,Import pallet,Поддон импорта
FURNITURE.IMPORT_PALLET.TOOLTIP,,Use this to determine which items to import to the room.,"Укажите здесь, какие предметы приносить в комнату."
FURNITURE.INVADER_CAMPFIRE,,Campfire,Костер
FURNITURE.KITCHEN_WORKTOP,Simple piece of furniture in a kitchen used to hold ingredients on top of it,Kitchen worktop,Кухонный стол
FURNITURE.KITCHEN_WORKTOP.TOOLTIP,,An area to store ingredients for a {{PROFESSION.CHEF}} to cook soup.,"Здесь хранятся ингредиенты, из которых {{PROFESSION.CHEF}} варит суп."
FURNITURE.LANTERN,,Lantern,Фонарь
FURNITURE.LANTERN.TOOLTIP,,A lantern provides light. This does not currently have an in-game effect.,Фонарь дает свет. Пока это никак не влияет на игру.
FURNITURE.LEATHERWORKING_STATION,,Leatherworking station,Кожевенный верстак
FURNITURE.LEATHERWORKING_STATION.TOOLTIP,,A workbench to produce leather goods like armour and waterskins.,"Верстак для кожаных изделий, например брони и бурдюков."
FURNITURE.LEDGER_TABLE,,Ledger table,Стол учета
FURNITURE.LEDGER_TABLE.TOOLTIP,,A landmark for the {{ROOMS.TRADING_DEPOT}}. This does not currently have an in-game effect.,Отличительный знак помещения «{{ROOMS.TRADING_DEPOT}}». Пока никак не влияет на игру.
FURNITURE.LOOM,,Loom,"Ткацкий станок "
FURNITURE.LOOM.TOOLTIP,,Used to craft textiles such as {{PRODUCT.LINEN.NOUN}} from {{RESOURCE.HEMP.FIBRE.BUNDLE.PLURAL}}.,"Сырье: {{RESOURCE.HEMP.FIBRE.BUNDLE.PLURAL}}. Продукт: ткани, например {{PRODUCT.LINEN.NOUN}}."
FURNITURE.MALTING_STATION,,Malting station,Солодильня
FURNITURE.MALTING_STATION.TOOLTIP,,Here brewers steep barley and then dry it out using a kiln to produce malt.,"Здесь пивовары замачивают ячмень, а затем сушат его в печи и получают солод."
FURNITURE.MASH_TUN,,Mash tun,Заторный чан
FURNITURE.MASH_TUN.TOOLTIP,,This is used to produce wort (unfermented beer) from milled malt and water.,Здесь из молотого солода и воды получают сусло (неперебродившее пиво).
FURNITURE.MUSHROOM_LOG,,Mushroom log,Грибное бревно
FURNITURE.MUSHROOM_LOG.TOOLTIP,,"A log that has been injected with {{INGREDIENT.MUSHROOM.SPAWN.PLURAL}} to produce several harvests of delicious, juicy mushrooms.","Бревно, в которое внесли грибницу ({{INGREDIENT.MUSHROOM.SPAWN.PLURAL}}). Дает несколько урожаев вкусных сочных грибов."
FURNITURE.MUSHROOM_SHOCK_TANK,This is a trough of water used to immerse mushroom logs in for a period of time,Shock tank,Шоковый чан
FURNITURE.MUSHROOM_SHOCK_TANK.TOOLTIP,,"After innoculation, a {{FURNITURE.MUSHROOM_LOG}} is placed in this tank to “shock” the mushroom colony and encourage it to grow mushrooms.","Когда грибница прижилась, сюда кладут {{FURNITURE.MUSHROOM_LOG}}, чтобы «встряхнуть» ее и заставить плодоносить."
FURNITURE.ORE_CRUSHING_STATION,,Ore crushing station,Рудодробилка
FURNITURE.ORE_CRUSHING_STATION.TOOLTIP,,Raw {{RESOURCE.ORE.UNREFINED.PLURAL}} is crushed to a more workable size so that it can be used in a {{FURNITURE.BLOOMERY_FURNACE}}.,Здесь {{RESOURCE.ORE.UNREFINED.PLURAL}} дробят до удобного размера для печи «{{FURNITURE.BLOOMERY_FURNACE}}».
FURNITURE.PILLAR,A pillar used to support a roof,Pillar,Колонна
FURNITURE.PILLAR.TOOLTIP,,A pillar is required to stop large mined-out areas from collapsing. An area of 7x7 tiles that have been mined without any pillars or other supports in place will eventually collapse.,"Колонны не дают обрушиться большим выработкам. Участок 7x7 клеток, выкопанный без колонн или других опор, со временем обрушится."
FURNITURE.RETTING_TANK,,Retting tank,Мочильный чан
FURNITURE.RETTING_TANK.TOOLTIP,,This is used to process raw {{VEGETABLE.HEMP}} into hemp fibre that can be worked into useful materials.,"Здесь вымачивают сырье ({{VEGETABLE.HEMP}}), чтобы получить волокно для полезных материалов."
FURNITURE.SARCOPHAGUS,A stone tomb,Sarcophagus,Саркофаг
FURNITURE.SARCOPHAGUS.TOOLTIP,,This elaborate stone container is the final resting place of a deceased settler.,Этот искусный каменный гроб - последнее пристанище умершего поселенца.
FURNITURE.SELLING_PALLET,,Selling pallet,Поддон продажи
FURNITURE.SELLING_PALLET.TOOLTIP,,Use this to determine which items to sell to the merchants.,"Укажите здесь, какие товары продавать торговцам."
FURNITURE.SERVING_TABLE,A table used to hold food for serving,Serving table,Сервировочный стол
FURNITURE.SERVING_TABLE.TOOLTIP,,{{PRODUCT.BREAD.LOAF.PLURAL}} are placed here for serving after being baked in a {{FURNITURE.BAKING_OVEN}}.,"Сюда кладут {{PRODUCT.BREAD.LOAF.PLURAL}}, когда их вынимают из печи «{{FURNITURE.BAKING_OVEN}}»."
FURNITURE.SINGLE_BED,,Bed,Кровать
FURNITURE.SINGLE_BED.TOOLTIP,,A bed is the best place for a comfortable night’s rest.,Кровать — лучшее место для комфортного сна.
FURNITURE.SINGLE_DOOR,,Door,Дверь
FURNITURE.SINGLE_DOOR_FRAME,,Door frame,Дверной проем
FURNITURE.SLEEPING_SPOT,,Sleeping spot,"Спальное место "
FURNITURE.SLEEPING_SPOT.TOOLTIP,,Your settlers will use this space to sleep on the floor. Not very comfortable!,"Ваши поселенцы будут использовать это место, чтобы спать на полу. Это не очень удобно!"
FURNITURE.STONEMASON_WORKBENCH,,Stonemason workbench,Верстак каменщика
FURNITURE.STONEMASON_WORKBENCH.TOOLTIP,,A {{PROFESSION.STONEMASON}} works here with {{MATERIAL_TYPE.STONE.ADJECTIVE}} resources.,Здесь {{PROFESSION.STONEMASON}} работает с камнем.
FURNITURE.TANNING_FRAME,,Tanning frame,Дубильная рама
FURNITURE.TANNING_FRAME.TOOLTIP,,Used to turn {{CARCASS.HIDE.PLURAL}} into {{PRODUCT.LEATHER.PLURAL}}.,Сырье: {{CARCASS.HIDE.PLURAL}}. Продукт: {{PRODUCT.LEATHER.PLURAL}}.
FURNITURE.TRADE_BANNER,,Banner,Знамя
FURNITURE.TRADE_BANNER.TOOLTIP,,A decorative banner to denote the trading depot.,"Декоративное знамя, которое отмечает торговый склад."
FURNITURE.TRAINING_DUMMY,,Training dummy,Тренировочное чучело
FURNITURE.TRAINING_DUMMY.TOOLTIP,,Military settlers will practice their melee combat skills here up to level 50.,Военные поселенцы тренируют здесь навыки ближнего боя до 50-го уровня.
FURNITURE.WAGON_PARKED,,Wagon,Повозка
FURNITURE.WATERWHEEL,,Water Wheel,Водяное колесо
FURNITURE.WATERWHEEL.PLURAL,,Water Wheels,Водяные колеса
FURNITURE.WATERWHEEL.TOOLTIP,,Provides mechanical power to other contraptions via {{PRODUCT.STONE.GEAR.PLURAL}} and shafts. Must be built adjacent to a river.,Передает механическую энергию другим устройствам через {{PRODUCT.STONE.GEAR.PLURAL}} и валы. Строится только у реки.
FURNITURE.WATER_BARREL,,Water Barrel,Бочка для воды
FURNITURE.WATER_BARREL.TOOLTIP,,"A water barrel is a place for your settlers to get a thirst-quenching drink, rather than having to find a natural water source like the river.","Бочка с водой — это место, где ваши поселенцы смогут утолить жажду, вместо того, чтобы искать естественный источник воды, такой как река."
FURNITURE.WATER_PUMP,,Water Pump,Водяной насос
FURNITURE.WATER_PUMP.PLURAL,,Water Pumps,Водяные насосы
FURNITURE.WATER_PUMP.TOOLTIP,,Moves water from the river to a pipe system.,Перемещает воду из реки в систему трубопроводов.
FURNITURE.WEAPON_RACK,,Weapon Rack,Оружейная стойка
FURNITURE.WEAPON_RACK.TOOLTIP,,Used to store weapons.,Для хранения оружия.
FURNITURE.WELL,,Cistern,Цистерна
FURNITURE.WELL.TOOLTIP,,"A cistern provides a source of water, but must be connected to a working pipe system.","Цистерна - источник воды, но ее нужно подключить к работающей системе труб."
FURNITURE.WINDMILL,,Windmill,Ветряная мельница
FURNITURE.WINDMILL.PLURAL,,Windmills,Ветряные мельницы
FURNITURE.WINDMILL.TOOLTIP,,Provides mechanical power to other contraptions via {{PRODUCT.STONE.GEAR.PLURAL}} and shafts.,Передает механическую энергию другим устройствам через {{PRODUCT.STONE.GEAR.PLURAL}} и валы.
FURNITURE.WOODCUTTERS_BENCH,,Woodcutting Bench,Пильный верстак
FURNITURE.WOODCUTTERS_BENCH.TOOLTIP,,A {{PROFESSION.WOODCUTTER}} works here to turn {{RESOURCE.LOGS.PLURAL}} into {{RESOURCE.PLANKS.PLURAL}}.,Здесь {{PROFESSION.WOODCUTTER}} распиливает {{RESOURCE.LOGS.PLURAL}} на {{RESOURCE.PLANKS.PLURAL}}.

GEM.AMETHYST.ADJECTIVE,,Amethyst,из аметиста
GEM.AMETHYST.NOUN,,Amethyst,Аметист
GEM.AMETHYST.TOOLTIP,,A violet-hued variety of quartz. Ancient humans believed it could magically protect them from becoming too drunk. For this reason it is not very popular in dwarven culture.,"Разновидность кварца с фиолетовыми оттенком. Древние люди верили, что он может волшебным образом защитить их от опьянения. По этой причине он не очень популярен у гномов."
GEM.AMMOLITE.ADJECTIVE,,Ammolite,из аммолита
GEM.AMMOLITE.NOUN,,Ammolite,Аммолит
GEM.AMMOLITE.TOOLTIP,,An opal-like gemstone which has a red to green iridescence. It is known as the “hunting stone” and amulets made from it are meant to bring good luck to a hunt.,"Драгоценный камень, похожий на опал, с переливами от красного до зеленого. Он также известен как «охотничий камень», и сделанные из него амулеты приносят удачу на охоте."
GEM.AQUAMARINE.ADJECTIVE,,Aquamarine,из аквамарина
GEM.AQUAMARINE.NOUN,,Aquamarine,Аквамарин
GEM.AQUAMARINE.TOOLTIP,,A cyan-coloured variety of beryl. Some humans believe it offers magical protection against the dangers of the seas. This is because an ancient mage used a combination of sky and ice magic to protect trading ships during the age of darkness.,"Голубая разновидность берилла. Некоторые люди верят, что он дает магическую защиту от опасностей моря. Дело в том, что в эпоху Тьмы древний маг защищал торговые корабли сочетанием небесной и ледяной магии."
GEM.BIXBITE.ADJECTIVE,,Bixbite,из биксбита
GEM.BIXBITE.NOUN,,Bixbite,Биксбит
GEM.BIXBITE.TOOLTIP,,"Also known as red beryl, it is a very rare gemstone. It is often confused for a red-coloured emerald.","Также известный как красный берилл, это очень редкий драгоценный камень. Его часто путают с изумрудом красного цвета."
GEM.CINNABAR.ADJECTIVE,,Cinnabar,из киновари
GEM.CINNABAR.NOUN,,Cinnabar,Киноварь
GEM.CINNABAR.TOOLTIP,,An ore of mercury which is often used in jewellery due to its deep-red hue. It is also used to produce the dye known as vermillion.,"Ртутная руда, которую часто используют в украшениях из-за темно-красного оттенка. Из нее также делают краситель вермильон."
GEM.CITRINE.ADJECTIVE,,Citrine,из цитрина
GEM.CITRINE.NOUN,,Citrine,Цитрин
GEM.CITRINE.TOOLTIP,,"A yellowish variety of quartz. It is the gemstone most similar in colour to gold, so most dwarves think citrine is lucky.","Желтоватая разновидность кварца. Это драгоценный камень, наиболее похожий по цвету на золото, поэтому большинство гномов считают, что цитрин приносит удачу."
GEM.DIAMOND.ADJECTIVE,,Diamond,из алмаза
GEM.DIAMOND.NOUN,,Diamond,Алмаз
GEM.DIAMOND.TOOLTIP,,The hardest known material and one of the most important of the seven heavenly stones. Diamonds are the most condensed form of the neutral element known as “spirit” or “aether”.,"Самый твердый из известных материалов и один из важнейших среди семи небесных камней. Алмазы - самая плотная форма нейтральной стихии, которую называют «духом» или «эфиром»."
GEM.EMERALD.ADJECTIVE,,Emerald,из изумруда
GEM.EMERALD.NOUN,,Emerald,Изумруд
GEM.EMERALD.TOOLTIP,,A vibrant green variety of beryl. It is thought that engraving on an emerald brings great misfortune. Emeralds are closely related to elemental life and associated magic.,"Ярко-зеленая разновидность берилла. Считается, что гравировка на изумруде приносит большое несчастье. Изумруды тесно связаны со стихийной жизнью и ее магией."
GEM.GARNET.ADJECTIVE,,Garnet,из граната
GEM.GARNET.NOUN,,Garnet,Гранат
GEM.GARNET.TOOLTIP,,"Garnets cover a variety of minerals used as gemstones, all with a deep red colour. Some garnet gems are actually a condensed form of elemental fire.","Гранатами называют разные минералы темно-красного цвета, которые используют как драгоценные камни. Некоторые гранаты на самом деле - сгущенная стихия огня."
GEM.JADE.ADJECTIVE,,Jade,из нефрита
GEM.JADE.NOUN,,Jade,Нефрит
GEM.JADE.TOOLTIP,,"A mineral with a light-green colour often used for decoration. Also, elves have been known to use jade to produce medicine which can cure ailments of the gut.","Светло-зеленый минерал, который часто используют для украшений. Кроме того, эльфы делают из нефрита лекарства от болезней кишечника."
GEM.JASPER.ADJECTIVE,,Jasper,из яшмы
GEM.JASPER.NOUN,,Jasper,Яшма
GEM.JASPER.TOOLTIP,,"An impure variety of silica which can occur in several colours, but most commonly red. Jasper is favoured as a decoration material by orcs due to its variety.","Нечистая разновидность кремнезема, бывает разных цветов, но чаще всего красная. Орки любят отделывать яшмой все подряд за ее разнообразие."
GEM.LABRADORITE.ADJECTIVE,,Labradorite,из лабрадорита
GEM.LABRADORITE.NOUN,,Labradorite,Лабрадорит
GEM.LABRADORITE.TOOLTIP,,A rock which shines with a typically light-blue iridescence. Rarer specimens can reflect a wide range of colours.,"Камень, который сияет типичным светло-голубым переливом. Более редкие экземпляры могут отражать более широкий спектр цветов."
GEM.LAPIS.ADJECTIVE,,Lapis lazuli,из лазурита
GEM.LAPIS.NOUN,,Lapis lazuli,Лазурит
GEM.LAPIS.TOOLTIP,,A rock with a brilliant deep blue hue which is used as a precious stone.,"Камень с блестящим темно-синим оттенком, который используется как драгоценный камень."
GEM.MAGNESITE.ADJECTIVE,,Magnesite,из магнезита
GEM.MAGNESITE.NOUN,,Magnesite,Магнезит
GEM.MAGNESITE.TOOLTIP,,A mineral which can be polished into beads for use in jewellery. These beads can by dyed into many different colours.,"Минерал, который можно отполировать в виде бусин и использовать в ювелирных изделиях. Эти бусины могут быть окрашены в различные цвета."
GEM.MOONSTONE.ADJECTIVE,,Moonstone,из лунного камня
GEM.MOONSTONE.NOUN,,Moonstone,Лунный камень
GEM.MOONSTONE.TOOLTIP,,"Thought to be formed by moonlight captured in rock, which makes this gemstone a favourite of the elves.","Считается, что он образован лунным светом, запечатленным в камне, поэтому это любимый камень эльфов."
GEM.MORGANITE.ADJECTIVE,,Morganite,из морганита
GEM.MORGANITE.NOUN,,Morganite,Морганит
GEM.MORGANITE.TOOLTIP,,A rose-coloured variety of beryl. It was named after being popularised by a particularly wealthy merchant in the age of myth.,"Розовая разновидность берилла. Он был назван в честь очень богатого купца, который популяризировал его в эпоху Мифов."
GEM.OPAL.ADJECTIVE,,Opal,из опала
GEM.OPAL.NOUN,,Opal,Опал
GEM.OPAL.TOOLTIP,,"A form of silica infused with the magic of the oceans, which makes this a favourite of sailors and fishermen.","Вид кремнезема, наполненный магией океанов, что делает его любимым камнем моряков и рыбаков."
GEM.PAINITE.ADJECTIVE,,Painite,из пейнита
GEM.PAINITE.NOUN,,Painite,Пейнит
GEM.PAINITE.TOOLTIP,,A very rare gemstone which is often identified as an off-colour sapphire. The crystals are naturally hexagonal in shape and a favourite of tacticians.,"Очень редкий драгоценный камень, который часто принимают за сапфир необычного цвета. Его кристаллы от природы шестигранные, поэтому его любят полководцы."
GEM.RHODOCHROSITE.ADJECTIVE,,Rhodochrosite,из родохрозита
GEM.RHODOCHROSITE.NOUN,,Rhodochrosite,Родохрозит
GEM.RHODOCHROSITE.TOOLTIP,,Found in varying shades of red to pink. It is not as hard as most gemstones making it a poor choice for rings and other high-impact jewellery.,"Встречается в различных оттенках от красного до розового. Он не так тверд, как большинство драгоценных камней, что делает его плохим выбором для колец и других ударопрочных украшений."
GEM.ROCK_CRYSTAL.ADJECTIVE,,Rock crystal,из горного хрусталя
GEM.ROCK_CRYSTAL.NOUN,,Rock crystal,Горный хрусталь
GEM.ROCK_CRYSTAL.TOOLTIP,,The purest form of quartz. Rock crystals often feature in magical artifacts as they are a condensed form of the element of ice.,"Самая чистая форма кварца. Горный хрусталь часто встречается в магических артефактах, ведь это сгущенная стихия льда."
GEM.RUBY.ADJECTIVE,,Ruby,из рубина
GEM.RUBY.NOUN,,Ruby,Рубин
GEM.RUBY.TOOLTIP,,"One of the seven heavenly stones, rubies are the element of fire condensed into a solid form.","Рубины - один из семи небесных камней: это стихия огня, сгущенная до твердого состояния."
GEM.SAPPHIRE.ADJECTIVE,,Sapphire,из сапфира
GEM.SAPPHIRE.NOUN,,Sapphire,Сапфир
GEM.SAPPHIRE.TOOLTIP,,"Often believed to protect the wearer from the attention of daemons, sapphires are much sought-after by mages for use in sky and air-based magic.","Считается, что сапфиры отводят от владельца внимание демонов. Маги высоко ценят их для небесной и воздушной магии."
GEM.SPINEL.ADJECTIVE,,Spinel,из шпинели
GEM.SPINEL.NOUN,,Spinel,Шпинель
GEM.SPINEL.TOOLTIP,,"Often confused with heavenly stones like true rubies and sapphires, spinels are a lesser form of magic-infused gem which can be associated with any of the elements, depending on colour.","Шпинель часто путают с небесными камнями, например с настоящими рубинами и сапфирами. Это более скромный магический камень: в зависимости от цвета он связан с той или иной стихией."
GEM.TANZANITE.ADJECTIVE,,Tanzanite,из танзанита
GEM.TANZANITE.NOUN,,Tanzanite,Танзанит
GEM.TANZANITE.TOOLTIP,,A rare gemstone that can alternate between blue and violet. It is thought to be formed from the material body of a dead god.,"Редкий драгоценный камень, который переливается от синего к фиолетовому. Считается, что он образовался из материального тела мертвого бога."
GEM.TOPAZ.ADJECTIVE,,Topaz,из топаза
GEM.TOPAZ.NOUN,,Topaz,Топаз
GEM.TOPAZ.TOOLTIP,,"Sometimes confused with the more common {{GEM.CITRINE.NOUN}} gem, topaz can be found in several colours but most commonly a yellowish brown. It was first discovered on an island which no longer exists.","Топаз иногда путают с более распространенным камнем «{{GEM.CITRINE.NOUN}}». Он бывает разных цветов, но чаще всего желтовато-коричневый. Впервые его нашли на острове, которого больше нет."
GEM.TOURMALINE.ADJECTIVE,,Tourmaline,из турмалина
GEM.TOURMALINE.NOUN,,Tourmaline,Турмалин
GEM.TOURMALINE.TOOLTIP,,Often found alongside {{ORE.CASSITERITE.ADJECTIVE}} ore. It is sometimes associated with earth magic.,Часто встречается рядом с рудой «{{ORE.CASSITERITE.NOUN}}». Иногда его связывают с магией земли.
GEM.TURQUOISE.ADJECTIVE,,Turquoise,из бирюзы
GEM.TURQUOISE.NOUN,,Turquoise,Бирюза
GEM.TURQUOISE.TOOLTIP,,A blue-green mineral often used in decorations. It is thought to bring good luck to the bearer. It is often infused with the element of earth.,"Сине-зеленый минерал, который часто используют в украшениях. Считается, что он приносит удачу владельцу. В нем часто присутствует стихия земли."

GOAL.ABANDON_JOB.DESCRIPTION,,Abandoning task,"Отказ от задачи "
GOAL.ADD_TO_INVENTORY.DESCRIPTION,E.g. “Collecting bag of wheat seeds”,Collecting {{targetDescription}},Сбор: {{targetDescription}}
GOAL.COMBAT.DESCRIPTION,,Attacking {{targetDescription}},Атакует: {{targetDescription}}
GOAL.DRINK.DESCRIPTION,,Drinking {{targetDescription}},Пьет: {{targetDescription}}
GOAL.DUMP_LIQUID.DESCRIPTION,,Dumping contents of {{targetDescription}},Выливает содержимое: {{targetDescription}}
GOAL.EAT.DESCRIPTION,,Eating {{targetDescription}},Ест: {{targetDescription}}
GOAL.EXTINGUISH_FIRE.DESCRIPTION,,Putting out a fire,Тушит пожар
GOAL.FLEE_FROM_AGGRESSOR.DESCRIPTION,,Fleeing from {{targetDescription}},Спасается бегством: {{targetDescription}}
GOAL.HAULING.DESCRIPTION,E.g. “Hauling granite stone”,Hauling {{targetDescription}},Переноска: {{targetDescription}}
GOAL.IDLE.DESCRIPTION,When not doing anything,Idle,Бездельничает
GOAL.INVADER.CREATE_CAMP.DESCRIPTION,,Setting up camp,Разбивает лагерь
GOAL.INVADER.RETREAT.DESCRIPTION,,Retreating from map,Покидает карту
GOAL.INVADER.STEAL_RESOURCES.DESCRIPTION,,Raiding stockpiles,Грабит склады
GOAL.MILITARY.ATTACK_TARGET.DESCRIPTION,,Moving into combat,Вступает в бой
GOAL.MILITARY.STAND_IN_FORMATION.DESCRIPTION,,Guarding a position,Охраняет позицию
GOAL.MILITARY.TRAINING.DESCRIPTION,,Weapon training,Тренируется с оружием
GOAL.ON_FIRE.DESCRIPTION,,On fire!,Горит!
GOAL.REFILL_WATERSKIN.DESCRIPTION,,Refilling waterskin,Наполняет бурдюк
GOAL.SLEEP.DESCRIPTION,,Going to sleep,Собирается спать
GOAL.TRANSFER_LIQUID.DESCRIPTION,Becomes “Transferring water”,Transferring {{targetZoneMaterial}},Переливает: {{targetZoneMaterial}}

GUI.ADD_REMOVE_TILES,Heading to describe adding or removing an area of a zone/room,Add/remove tiles,Добавление/удаление клеток
GUI.ADD_TILES,,Add tiles,Добавить клетки
GUI.AMBIENT_EFFECT_VOLUME,This is a volume setting for ambient effects such as birdsong and river flowing,Ambient Atmosphere,Звуки окружения
GUI.AVAILABLE_PROGRESS_BAR,,{{item}} Available:,{{item}} - доступно:
GUI.BACK_LABEL,,Back,Назад
GUI.BUILD.BRIDGE,For building a bridge across a river,Bridge,Мост
GUI.BUILD.DOORS,Take from FURNITURE.SINGLE_DOOR,Doors,Двери
GUI.BUILD.FLOOR,For building floorboards/stone slabs across the ground,Flooring,Полы
GUI.BUILD.PILLARS,,Pillars,Колонны
GUI.BUILD.PIPING,,Pipes,Трубы
GUI.BUILD.POWER,,Power,Энергия
GUI.BUILD.ROOFING,,Roofing,Крыша
GUI.BUILD.WALLS,,Walls,Стены
GUI.BUILD_FURNITURE,,Furniture,Мебель
GUI.BUILD_LABEL,,Build,Строить
GUI.CANCEL_LABEL,,Cancel,Отмена
GUI.CHANGE_PROFESSION_LABEL,,Choose New Profession,Сменить профессию
GUI.CHANGE_WEAPON_LABEL,,Select weapon,Сменить оружие
GUI.COMBAT_LABEL,,Combat,Бой
GUI.CONSTRUCTION_LABEL,For the menu that further gives options for build and power and roofing,Construction,Строительство
GUI.CRAFTING_MANAGEMENT.MAINTAINING_TEXT,As in keeping a fixed number of items in stock,Maintaining,Поддерживать
GUI.CRAFTING_MANAGEMENT.SUBTITLE,,{{craftingType}} ({{profession}}),{{craftingType}} ({{profession}})
GUI.CRAFTING_MANAGEMENT.TABLE.CRAFTED_WITH,,Crafted With,Из чего
GUI.CRAFTING_MANAGEMENT.TABLE.ITEM,,Item,Предмет
GUI.CRAFTING_MANAGEMENT.TABLE.MANAGEMENT,,Management,Управление
GUI.CRAFTING_MANAGEMENT.TABLE.MANAGEMENT.LIMIT,,Limit,Лимит
GUI.CRAFTING_MANAGEMENT.TABLE.MANAGEMENT.QUANTITY,,Quantity,Количество
GUI.CRAFTING_MANAGEMENT.TABLE.MANAGEMENT.QUANTITY.DECREMENT,,Decrement,Уменьшить
GUI.CRAFTING_MANAGEMENT.TABLE.MANAGEMENT.QUANTITY.INCREMENT,,Increment,Увеличить
GUI.CRAFTING_MANAGEMENT.TITLE,,Crafting,Ремесло
GUI.CRAFTING_MANAGEMENT.TOTAL_QUANTITY_ACTUAL,,Current total: {{quantity}},Сейчас всего: {{quantity}}
GUI.CRAFTING_MANAGEMENT.TOTAL_QUANTITY_HINT,,({{quantity}} in total),(всего {{quantity}})
GUI.CREDITS.AND_YOU_TITLE,,And You! Thanks For Playing!,И вы! Спасибо за игру!
GUI.CREDITS.DEVELOPERS.CHARACTER_ART,,Character Artists,Художники персонажей
GUI.CREDITS.DEVELOPERS.CONCEPT_ART,,Concept Artwork,Концепт-арт
GUI.CREDITS.DEVELOPERS.ENVIRONMENT_ART,,Environment Artists,Художники окружения
GUI.CREDITS.DEVELOPERS.LEAD_DESIGN,,Lead Design & Programming,Ведущий дизайнер и программист
GUI.CREDITS.DEVELOPERS.LEAD_UI,,Lead 2D & UI Artist,Ведущий 2D- и UI-художник
GUI.CREDITS.DEVELOPERS.MUSIC,,Music & Sound Effects,Музыка и звуковые эффекты
GUI.CREDITS.DEVELOPERS.MUSIC_ADDITIONAL,,Additional Music Tracks,Дополнительная музыка
GUI.CREDITS.DEVELOPERS.PROGRAMMING,,Programming,Программирование
GUI.CREDITS.DEVELOPERS.SPECIAL_THANKS,,Special Thanks,Особая благодарность
GUI.CREDITS.FOUNDING_BACKERS_TITLE,,Special Thanks to our Founding Backers,Особая благодарность нашим первым спонсорам
GUI.CREDITS.PATREON_KICKSTARTER_TITLE,,Additional Thanks to our Patreon and Kickstarter Backers,Отдельное спасибо спонсорам на Patreon и Kickstarter
GUI.CREDITS.TRANSLATORS_TITLE,,Translations,Переводы
GUI.CROP_SELECTION,,Crop:,Культура:
GUI.CROP_SELECTION.DESCRIPTION,,{{plantDescription}} - {{planting}} - {{usage}},{{plantDescription}} - {{planting}} - {{usage}}
GUI.CROP_SELECTION.PLANTING_HINT.SEASONS_0,,Can not be planted,Посадить нельзя
GUI.CROP_SELECTION.PLANTING_HINT.SEASONS_1,,Plant in {{season1}},Посадка: {{season1}}
GUI.CROP_SELECTION.PLANTING_HINT.SEASONS_2,,Plant in {{season1}} or {{season2}},Посадка: {{season1}} или {{season2}}
GUI.CROP_SELECTION.PLANTING_HINT.SEASONS_3,,"Plant in {{season1}}, {{season2}} or {{season3}}","Посадка: {{season1}}, {{season2}} или {{season3}}"
GUI.CROP_SELECTION.PLANTING_HINT.SEASONS_4,,Planted all year round,Сажают круглый год
GUI.DATE_TIME_YEAR_LABEL,"E.g. 09:20, Day 4, Year 2","{{timeOfDay}}, Day {{dayNumber}}, Year {{year}}","{{timeOfDay}}, день {{dayNumber}}, год {{year}}"
GUI.DAY_LABEL,,Day {{dayNumber}},День {{dayNumber}}
GUI.DECONSTRUCT_LABEL,,Demolish,Снести
GUI.DIALOG.CANCEL_BUTTON,,Cancel,Отмена
GUI.DIALOG.CONFIRM,,Confirm,Подтвердить
GUI.DIALOG.CONFIRM_DELETE_SAVE,,Are you sure you wish to delete {{name}}?,Вы действительно хотите удалить {{name}}?
GUI.DIALOG.DISMISS,,Dismiss,Закрыть
GUI.DIALOG.ERROR_ROOM_NAME_ALREADY_EXISTS,Error message when the player attempts to rename a room to the same name as another room,A room with that name already exists.,Комната с таким названием уже существует.
GUI.DIALOG.ERROR_SAVE_INCOMPATIBLE,"Error loading a save as it is from an older, incompatible version of the game",The save file could not be loaded because it is incompatible with this version of the game.,"Не удалось загрузить файл сохранения, поскольку он несовместим с данной версией игры."
GUI.DIALOG.ERROR_TITLE,Shown as the title of an error dialog,An error has occurred,Произошла ошибка
GUI.DIALOG.ERROR_WHILE_LOADING,Unexpected error while loading a previous save,There was an unexpected error while loading the game.,При загрузке игры произошла непредвиденная ошибка.
GUI.DIALOG.ERROR_WHILE_SAVING,Unexpected error while saving the game,There was an unexpected error while saving the game.,При сохранении игры произошла непредвиденная ошибка.
GUI.DIALOG.HIDE_FURTHER_NOTIFICATIONS,Used to ask the player if they want to stop receiving this specific kind of notification,Hide These Notifications,Скрыть такие уведомления
GUI.DIALOG.INFO_TITLE,,Information,Информация
GUI.DIALOG.JUMP_TO,,Go to Location,Показать на карте
GUI.DIALOG.LANGUAGE_TRANSLATION_INCOMPLETE,,The selected language translation is currently incomplete and will be missing some text. A fallback language will be used.,"Перевод на выбранный язык пока неполный, часть текста будет на запасном языке."
GUI.DIALOG.MOD_CHANGES_OUTSTANDING,,You have selected a different set of mods to be applied to the game. These will be applied when the game is next restarted.,Вы выбрали другой набор модов для применения к игре. Они будут применены при следующем перезапуске игры.
GUI.DIALOG.MOD_INCOMPATIBLE,,One or more mods are incompatible with this version of the game and have been deactivated. You can check for updates in the mods menu.,Один или несколько модов несовместимы с данной версией игры и были деактивированы. Проверить наличие обновлений можно в меню модов.
GUI.DIALOG.OK_BUTTON,Single button shown to dismiss an error dialog,Ok,OK
GUI.DIALOG.RENAME_ROOM_TITLE,,Rename Room,Переименовать комнату
GUI.DIALOG.RENAME_SETTLER_TITLE,,Rename Settler,Переименовать поселенца
GUI.DIALOG.RESTART_REQUIRED,,You must restart the game for this change to take effect,"Вы должны перезапустить игру, чтобы это изменение вступило в силу"
GUI.DIALOG.SETTLEMENT_NAME_ALREADY_IN_USE,,You already have a saved game for the settlement {{name}}. Starting a new game will overwrite the existing save file. Are you sure you want to continue?,"У вас уже есть сохраненная игра для поселения {{name}}. Новая игра перезапишет существующий файл сохранения. Вы уверены, что хотите продолжить?"
GUI.DIALOG.SETTLEMENT_NAME_NOT_SPECIFIED,,A name for the settlement must be specified.,Нужно указать название поселения.
GUI.DIALOG.STOCKPILE_MANAGEMENT.TITLE,,Stockpile settings,Настройка хранилища
GUI.EMBARK.DISCORD_LINK,,Click here to join our Discord community,"Нажмите, чтобы присоединиться к нашему сообществу в Discord"
GUI.EMBARK.MAP_SEED,,Random Seed,Сид карты
GUI.EMBARK.MAP_SIZE,,Map Size,Размер карты
GUI.EMBARK.MAP_SIZE.LARGE,,Large,Большая
GUI.EMBARK.MAP_SIZE.MEDIUM,,Medium,Средняя
GUI.EMBARK.MAP_SIZE.SMALL,,Small,Маленькая
GUI.EMBARK.PEACEFUL_MODE,,Peaceful Mode,Мирный режим
GUI.EMBARK.SETTLEMENT_NAME,,Name,Название
GUI.EMBARK.START,,Begin!,Начать!
GUI.EMBARK.TITLE,,Choose Kingdom,Выбор королевства
GUI.EMPTY_CONTAINER_LABEL,,Empty,Вылить
GUI.EMPTY_CONTAINER_LABEL.BEING_ACTIONED,,Contents are being emptied.,Содержимое выливается.
GUI.EMPTY_CONTAINER_LABEL.HINT,,Dump the contents of this container on the ground.,Вылить содержимое этого контейнера на землю.
GUI.FURNITURE_ASSIGNED_TO,Used to show who owns a piece of furniture,Assigned to {{name}},Принадлежит: {{name}}
GUI.FURNITURE_BEING_REMOVED,Label for when a piece of furniture is in the process of being removed,Currently being removed,В процессе удаления
GUI.FURNITURE_REQUIREMENT.ALL_MATERIALS,,{{amount}} available,Доступно: {{amount}}
GUI.FURNITURE_REQUIREMENT.SPECIFIED_MATERIALS,,{{amount}} {{material}} available,{{material}}: доступно {{amount}}
GUI.GRAPHICS.FULLSCREEN,,Fullscreen,Во весь экран
GUI.GRAPHICS.RESOLUTION,,Resolution,Разрешение экрана
GUI.INVASION_LABEL,,Invasion,Вторжение
GUI.KEY_BINDING.DEBUG_FRAME_BUFFER_0,,Debug frame buffer 0,Отладка: буфер кадра 0
GUI.KEY_BINDING.DEBUG_FRAME_BUFFER_1,,Debug frame buffer 1,Отладка: буфер кадра 1
GUI.KEY_BINDING.DEBUG_FRAME_BUFFER_2,,Debug frame buffer 2,Отладка: буфер кадра 2
GUI.KEY_BINDING.DEBUG_FRAME_BUFFER_3,,Debug frame buffer 3,Отладка: буфер кадра 3
GUI.KEY_BINDING.DEBUG_FRAME_BUFFER_4,,Debug frame buffer 4,Отладка: буфер кадра 4
GUI.KEY_BINDING.DEBUG_FRAME_BUFFER_5,,Debug frame buffer 5,Отладка: буфер кадра 5
GUI.KEY_BINDING.DEBUG_FRAME_BUFFER_6,,Debug frame buffer 6,Отладка: буфер кадра 6
GUI.KEY_BINDING.DEBUG_FRAME_BUFFER_7,,Debug frame buffer 7,Отладка: буфер кадра 7
GUI.KEY_BINDING.DEBUG_FRAME_BUFFER_8,,Debug frame buffer 8,Отладка: буфер кадра 8
GUI.KEY_BINDING.DEBUG_FRAME_BUFFER_9,,Debug frame buffer 9,Отладка: буфер кадра 9
GUI.KEY_BINDING.DEBUG_GAME_SPEED_SLOW,,Debug game speed slow,Отладка: медленная скорость
GUI.KEY_BINDING.DEBUG_GAME_SPEED_ULTRA_FAST,,Debug game speed ultra fast,Отладка: сверхбыстрая скорость
GUI.KEY_BINDING.DEBUG_HIDE_GUI,,Debug hide gui,Отладка: скрыть интерфейс
GUI.KEY_BINDING.DEBUG_SHOW_INDIVIDUAL_LIGHTING_BUFFERS,,Debug show individual lighting buffers,Отладка: буферы освещения
GUI.KEY_BINDING.DEBUG_SHOW_JOB_STATUS,,Debug show job status,Отладка: статус работ
GUI.KEY_BINDING.DEBUG_SHOW_LIQUID_FLOW,,Debug show liquid flow,Отладка: потоки жидкости
GUI.KEY_BINDING.DEBUG_SHOW_MENU,,Debug show menu,Отладка: меню
GUI.KEY_BINDING.DEBUG_SHOW_PATHFINDING_NODES,,Debug show pathfinding nodes,Отладка: узлы поиска пути
GUI.KEY_BINDING.DEBUG_SHOW_ZONES,,Debug show zones,Отладка: зоны
GUI.KEY_BINDING.DEBUG_TOGGLE_FLOOR_OVERLAP_RENDERING,,Debug toggle floor overlap rendering,Отладка: наложение полов
GUI.KEY_BINDING.FAST_PAN,,Fast pan,Быстрое перемещение камеры
GUI.KEY_BINDING.GAME_SPEED_FAST,,Game speed fast,Скорость: быстрая
GUI.KEY_BINDING.GAME_SPEED_FASTER,,Game speed faster,Скорость: очень быстрая
GUI.KEY_BINDING.GAME_SPEED_FASTEST,,Game speed fastest,Скорость: максимальная
GUI.KEY_BINDING.GAME_SPEED_NORMAL,,Game speed normal,Скорость: обычная
GUI.KEY_BINDING.PAN_CAMERA_DOWN,,Pan camera down,Камера вниз
GUI.KEY_BINDING.PAN_CAMERA_LEFT,,Pan camera left,Камера влево
GUI.KEY_BINDING.PAN_CAMERA_RIGHT,,Pan camera right,Камера вправо
GUI.KEY_BINDING.PAN_CAMERA_UP,,Pan camera up,Камера вверх
GUI.KEY_BINDING.PAUSE,,Pause,Пауза
GUI.KEY_BINDING.QUICKLOAD,,Quickload,Быстрая загрузка
GUI.KEY_BINDING.QUICKSAVE,,Quicksave,Быстрое сохранение
GUI.KEY_BINDING.ROTATE,,Rotate,Повернуть
GUI.KEY_BINDING.ZOOM_IN,,Zoom in,Приблизить
GUI.KEY_BINDING.ZOOM_OUT,,Zoom out,Отдалить
GUI.LEAVE_CROP_FALLOW,,No crop is currently selected to be planted,Культура для посадки не выбрана
GUI.LOAD_GAME.TABLE.COPY_SEED,,Copy Seed,Копировать сид
GUI.LOAD_GAME.TABLE.DATE_TIME,,Last modified,Последнее изменение
GUI.LOAD_GAME.TABLE.DELETE,,Delete,Удалить
GUI.LOAD_GAME.TABLE.GAME_TIME,,World time,Время в игре
GUI.LOAD_GAME.TABLE.PLAY,,Play,Играть
GUI.LOAD_GAME.TABLE.SETTLEMENT_NAME,,Name,Название
GUI.LOAD_GAME.TABLE.VERSION,,Version,Версия
GUI.LOAD_GAME.TITLE,,Load Game,Загрузить игру
GUI.MAP_SEED.COPY_TO_CLIPBOARD,,Copy to clipboard,Скопировать в буфер обмена
GUI.MAP_SEED_DISPLAY,,"Current map seed: ",Сид текущей карты:
GUI.MECHANISM.SHAFT.HORIZONTAL,,Horizontal,Горизонтальный
GUI.MECHANISM.SHAFT.VERTICAL,,Vertical,Вертикальный
GUI.MILITARY.DIALOG.ADD_SQUAD,,Name New Squad,Название нового отряда
GUI.MILITARY.DIALOG.CHOOSE_EMBLEM,,Choose Emblem For {{squadName}},Эмблема для отряда: {{squadName}}
GUI.MILITARY.DIALOG.RENAME_SQUAD,,Rename Squad,Переименовать отряд
GUI.MILITARY.DIALOG.SELECT_SQUAD,,Assign to New Squad,Назначить в новый отряд
GUI.MILITARY.NEW_SQUAD,,New Squad,Новый отряд
GUI.MILITARY.ORDERS,,Orders,Приказы
GUI.MILITARY.ORDERS.ATTACK,,Attack,Атаковать
GUI.MILITARY.ORDERS.CANCEL_ATTACK,,Cancel Attack,Отменить атаку
GUI.MILITARY.ORDERS.GUARD,,Guard,Охранять
GUI.MILITARY.ORDERS.RETREAT,,Retreat,Отступить
GUI.MILITARY.ORDERS.TRAIN,,Train,Тренироваться
GUI.MILITARY.REMOVE_SQUAD,,Remove Squad,Расформировать отряд
GUI.MILITARY.REMOVE_SQUAD.DIALOG,,Are you sure you want to remove this Squad?,Вы действительно хотите расформировать этот отряд?
GUI.MILITARY.SET_FORMATION,,Set Formation,Строй
GUI.MILITARY.SET_ORDERS,,Set Orders,Приказы
GUI.MILITARY.TAB.DWARVES,,Military Dwarves,Военные гномы
GUI.MILITARY.TAB.SQUADS,,Military Squads,Отряды
GUI.MILITARY.TAB.TRAINED_CIVILIANS,,Trained Civilians,Обученные гражданские
GUI.MINIMAP.LABEL,,Minimap,Миникарта
GUI.MUSIC_VOLUME,,Music,Музыка
GUI.NEXT_LABEL,,Next,Далее
GUI.NON_ROTATABLE_FURNITURE.HINT,,This furniture can not be rotated in this version of the game,Эта мебель не может быть повернута в этой версии игры
GUI.OK_LABEL,,Ok,OK
GUI.OPTIONS.AUDIO.TITLE,,Sound Options,Настройки звука
GUI.OPTIONS.GAMEPLAY.HIDE_TREES_OBSCURING_SETTLERS,This is an option that makes trees partially transparent when a settler moves behind them,Make trees transparent when obscuring settlers,"Делать деревья прозрачными, когда за ними поселенцы"
GUI.OPTIONS.GAMEPLAY.TITLE,,"Gameplay Options ",Настройки игры
GUI.OPTIONS.GAMEPLAY.USE_EDGE_SCROLLING,This is for a question to ask if the player would like the camera to scroll/pan by placing the mouse at the edge of the screen,Scroll when cursor is at the edge of the screen,"Прокрутка, когда курсор находится на краю экрана"
GUI.OPTIONS.GAMEPLAY.ZOOM_TO_CURSOR,This is for a question to ask if the player would like the camera to scroll/pan based on where the mouse cursor is when they zoom in or out,Scroll to cursor when zooming,Прокрутка к курсору при масштабировании
GUI.OPTIONS.GRAPHICS.FULLSCREENMODE.BORDERLESS_FULLSCREEN,,Borderless,Окно без рамки
GUI.OPTIONS.GRAPHICS.FULLSCREENMODE.EXCLUSIVE_FULLSCREEN,,Exclusive fullscreen,Полноэкранный режим
GUI.OPTIONS.GRAPHICS.FULLSCREENMODE.WINDOWED,,Windowed,В окне
GUI.OPTIONS.GRAPHICS.TITLE,,"Graphics Options ",Настройки графики
GUI.OPTIONS.GRAPHICS.WEATHER_EFFECTS,,Weather Effects,Погодные эффекты
GUI.OPTIONS.GRAPHICS.WEATHER_EFFECTS_TOOLTIP,,Show weather effects like snow on furniture,"Показывать погодные эффекты, например снег на мебели"
GUI.OPTIONS.KEY_BINDINGS,,Key Bindings,Управление
GUI.OPTIONS.MISC.CRASH_REPORTING_ENABLED,,Opt In For Crash Reports,Отправлять отчеты о сбоях
GUI.OPTIONS.MISC.TITLE,,Miscellaneous,Разное
GUI.OPTIONS.MISC.TUTORIAL_ENABLED,,Start Game With Tutorial,Начинать игру с обучением
GUI.OPTIONS.RESET,,Reset,Сбросить
GUI.OPTIONS.TAB.AUDIO,,Audio,Звук
GUI.OPTIONS.TAB.GAMEPLAY,,Gameplay,Игра
GUI.OPTIONS.TAB.GRAPHICS,,Graphics,Графика
GUI.OPTIONS.TAB.MISC,,Other,Прочее
GUI.OPTIONS.TAB.TWITCH,,Twitch,Twitch
GUI.OPTIONS.TWITCH.ACCOUNT_LABEL,,Twitch Account:,Аккаунт Twitch:
GUI.OPTIONS.TWITCH.CODE_LABEL,,Code,Код
GUI.OPTIONS.TWITCH.CONNECTED_LABEL,,Twitch account connected,"Аккаунт Twitch подключен "
GUI.OPTIONS.TWITCH.DISCONNECT,,Disconnect,Отключить
GUI.OPTIONS.TWITCH.DISCONNECTED_LABEL,,Twitch account disconnected,Аккаунт Twitch отключен
GUI.OPTIONS.TWITCH.ENABLED,,Twitch integration enabled,"Интеграция с Twitch включена "
GUI.OPTIONS.TWITCH.GENERAL_ERROR,,An error occured while communicating with Twitch,"Произошла ошибка при подключении к Twitch "
GUI.OPTIONS.TWITCH.LINK_ACCOUNT_BUTTON,,Link Twitch account,Привязать аккаунт Twitch
GUI.OPTIONS.TWITCH.PRIORITISE_SUBSCRIBERS,,Give priority to subscribers,Приоритет подписчикам
GUI.OPTIONS.TWITCH.SUBMIT_BUTTON,,Submit,Отправить
GUI.OPTIONS.TWITCH.TITLE,,Twitch Integration,"Интеграция с Twitch "
GUI.OPTIONS.TWITCH.VIEWERS_AS_SETTLERS,,Use viewers as settler names,Давать поселенцам имена зрителей
GUI.OPTIONS.TWITCH.VIEWERS_LABEL,,{{numViewers}} viewers,Зрителей: {{numViewers}}
GUI.ORDERS.CHOP_WOOD,,Chop,Рубить
GUI.ORDERS.CLEAR_GROUND,,Clear,Расчистить
GUI.ORDERS.DIG_CHANNELS,Used to dig channels in the ground for water to run through to irrigate crops,Irrigation,Орошение
GUI.ORDERS.DIG_CHANNELS.TOOLTIP,,This order is used to dig channels in the ground.,Приказ рыть каналы в земле.
GUI.ORDERS.EXTINGUISH_FLAMES," - used to put out fires by throwing buckets of water on them",Extinguish,Тушить пожар
GUI.ORDERS.EXTINGUISH_FLAMES.TOOLTIP,,This order is used to extinguish fires that are currently burning.,Приказ тушить пожары.
GUI.ORDERS.HARVEST_PLANTS,,Harvest,Собрать урожай
GUI.ORDERS.HUNT," - used to select animals to be hunted",Hunt,Охотиться
GUI.ORDERS.HUNT.TOOLTIP,,This order is used to select animals to be hunted.,Выбор животных для охоты.
GUI.ORDERS.MINE,,Mine,Копать
GUI.ORDERS_LABEL,,Orders,Приказы
GUI.PLACE_BRIDGE.HINT,This is a longer label as a hint to the player,A bridge must cover both sides of the river and be at least 3x3 tiles in size,Мост должен покрывать обе стороны реки и иметь размер не менее 3x3 клетки
GUI.POWER_LABEL,,Power & Water,Энергия и вода
GUI.POWER_WATER_INFO,,{{FURNITURE.WINDMILL.PLURAL}} {{drawable|tooltip_icon_windmill}} and {{FURNITURE.WATERWHEEL.PLURAL}} {{drawable|tooltip_icon_waterwheel}} connect to powerlines {{drawable|tooltip_icon_power}}{{\n}}Powerlines {{drawable|tooltip_icon_power}} power {{FURNITURE.WATER_PUMP.PLURAL}} {{drawable|tooltip_icon_pump}} and other powered furniture{{\n}}{{FURNITURE.WATER_PUMP.PLURAL}} {{drawable|tooltip_icon_pump}} and Irrigation {{drawable|tooltip_icon_irrigation}} are connected to {{PRODUCT.STONE.PIPE.PLURAL}} {{drawable|tooltip_icon_pipes}},{{FURNITURE.WINDMILL.PLURAL}} {{drawable|tooltip_icon_windmill}} и {{FURNITURE.WATERWHEEL.PLURAL}} {{drawable|tooltip_icon_waterwheel}} подключаются к линиям передачи {{drawable|tooltip_icon_power}}{{\n}}Линии передачи {{drawable|tooltip_icon_power}} питают {{FURNITURE.WATER_PUMP.PLURAL}} {{drawable|tooltip_icon_pump}} и другую механическую мебель{{\n}}{{FURNITURE.WATER_PUMP.PLURAL}} {{drawable|tooltip_icon_pump}} и орошение {{drawable|tooltip_icon_irrigation}} соединяются через {{PRODUCT.STONE.PIPE.PLURAL}} {{drawable|tooltip_icon_pipes}}
GUI.PRIORITY_LABEL,,Priority,Приоритет
GUI.PRODUCTION_EXPORT.CHOOSE_ITEM_TYPE,,Choose Item to Export,Что экспортировать
GUI.PRODUCTION_EXPORT.LIMIT.REACHED,,Production halted - limit is set to {{quantity}},Производство остановлено: лимит {{quantity}}
GUI.PRODUCTION_IMPORT.CHOOSE_ITEM_TYPE,,Choose Item to Import,Что импортировать
GUI.REMOVE_LABEL,,Remove,Удалить
GUI.REMOVE_TILES,,Remove tiles,Удалить клетки
GUI.RESOURCE_MANAGEMENT.ALL_OF,,All {{item}},Все: {{item}}
GUI.RESOURCE_MANAGEMENT.AVAILABLE,,Available,Доступно
GUI.RESOURCE_MANAGEMENT.AVAILABLE_OF_TOTAL,,{{available}} / {{total}} Available,Доступно: {{available}} / {{total}}
GUI.RESOURCE_MANAGEMENT.ITEM_ALLOCATION_PURPOSE.CONTENTS_TO_BE_DUMPED,,{{item}} is having it's contents dumped by,{{item}}: содержимое выливает
GUI.RESOURCE_MANAGEMENT.ITEM_ALLOCATION_PURPOSE.CONTENTS_TO_BE_DUMPED.PLURAL,,{{item}} are having their contents dumped by,{{item}}: содержимое выливает
GUI.RESOURCE_MANAGEMENT.ITEM_ALLOCATION_PURPOSE.DUE_TO_BE_HAULED,,{{item}} is due for hauling,{{item}}: ожидает переноски
GUI.RESOURCE_MANAGEMENT.ITEM_ALLOCATION_PURPOSE.DUE_TO_BE_HAULED.PLURAL,,{{item}} are due for hauling,{{item}}: ожидают переноски
GUI.RESOURCE_MANAGEMENT.ITEM_ALLOCATION_PURPOSE.EQUIPPED,,{{item}} is equipped by,{{item}}: в снаряжении у
GUI.RESOURCE_MANAGEMENT.ITEM_ALLOCATION_PURPOSE.EQUIPPED.PLURAL,,{{item}} are equipped by,{{item}}: в снаряжении у
GUI.RESOURCE_MANAGEMENT.ITEM_ALLOCATION_PURPOSE.FOOD_ALLOCATION,,{{item}} is allocated to,{{item}}: выделено для
GUI.RESOURCE_MANAGEMENT.ITEM_ALLOCATION_PURPOSE.FOOD_ALLOCATION.PLURAL,,{{item}} are allocated to,{{item}}: выделено для
GUI.RESOURCE_MANAGEMENT.ITEM_ALLOCATION_PURPOSE.HAULING,,{{item}} is being hauled by,{{item}}: переносит
GUI.RESOURCE_MANAGEMENT.ITEM_ALLOCATION_PURPOSE.HAULING.PLURAL,,{{item}} are being hauled by,{{item}}: переносит
GUI.RESOURCE_MANAGEMENT.ITEM_ALLOCATION_PURPOSE.HELD_IN_INVENTORY,,{{item}} is in the inventory of,{{item}}: в инвентаре у
GUI.RESOURCE_MANAGEMENT.ITEM_ALLOCATION_PURPOSE.HELD_IN_INVENTORY.PLURAL,,{{item}} are in the inventory of,{{item}}: в инвентаре у
GUI.RESOURCE_MANAGEMENT.ITEM_ALLOCATION_PURPOSE.ON_FIRE,,{{item}} is on fire,{{item}}: горит
GUI.RESOURCE_MANAGEMENT.ITEM_ALLOCATION_PURPOSE.ON_FIRE.PLURAL,,{{item}} are on fire,{{item}}: горят
GUI.RESOURCE_MANAGEMENT.ITEM_ALLOCATION_PURPOSE.PLACED_FOR_CONSTRUCTION,,{{item}} is being placed for construction,{{item}}: укладывается на стройку
GUI.RESOURCE_MANAGEMENT.ITEM_ALLOCATION_PURPOSE.PLACED_FOR_CONSTRUCTION.PLURAL,,{{item}} are being placed for construction,{{item}}: укладываются на стройку
GUI.RESOURCE_MANAGEMENT.ITEM_ALLOCATION_PURPOSE.PRODUCTION_IMPORT,,{{item}} is on an import pallet,{{item}}: на поддоне импорта
GUI.RESOURCE_MANAGEMENT.ITEM_ALLOCATION_PURPOSE.PRODUCTION_IMPORT.PLURAL,,{{item}} are on an import pallet,{{item}}: на поддоне импорта
GUI.RESOURCE_MANAGEMENT.ITEM_ALLOCATION_PURPOSE.PRODUCTION_OUTPUT,,{{item}} is being moved to an export palle,{{item}}: переносится на поддон экспорта
GUI.RESOURCE_MANAGEMENT.ITEM_ALLOCATION_PURPOSE.PRODUCTION_OUTPUT.PLURAL,,{{item}} are being moved to an export pallet,{{item}}: переносятся на поддон экспорта
GUI.RESOURCE_MANAGEMENT.QUANTIFIED_ITEM,,{{quantity}} {{item}},{{quantity}} {{item}}
GUI.RESOURCE_MANAGEMENT.SEARCH,,Search,Поиск
GUI.RESOURCE_MANAGEMENT.SORT_BY,,Sort By,Сортировка
GUI.RESOURCE_MANAGEMENT.TITLE,,Resources,Ресурсы
GUI.RESOURCE_MANAGEMENT.TOTAL,,Total,Всего
GUI.RESOURCE_MANAGEMENT.UNALLOCATED_LABEL,,Available: {{count}},Доступно: {{count}}
GUI.ROOFING.ADD,,Add,Добавить
GUI.ROOMS_LABEL,,Rooms,Комнаты
GUI.ROTATE_FURNITURE.HINT,This is a longer label as a hint to the player,Press (R) to rotate furniture,"Нажмите (R), чтобы повернуть мебель"
GUI.SAVING_PROMPT,Displayed to the player when the game is paused for autosaving,Saving…,Сохранение…
GUI.SELECT_WEAPON.LABEL,,Select weapon,Выбрать оружие
GUI.SETTINGS.LABEL,,Settings,Настройки
GUI.SETTLER_MANAGEMENT.CHOOSE_ARMOUR,,Choose Armour,Выбрать броню
GUI.SETTLER_MANAGEMENT.CHOOSE_SHIELD,,Choose Shield,Выбрать щит
GUI.SETTLER_MANAGEMENT.CHOOSE_WEAPON,,Choose Weapon,Выбрать оружие
GUI.SETTLER_MANAGEMENT.HAPPINESS,,Happiness {{happinessValue}},Счастье {{happinessValue}}
GUI.SETTLER_MANAGEMENT.IMMIGRATION,,Immigration,Иммиграция
GUI.SETTLER_MANAGEMENT.MAIN_HAND.STATUS,,The main hand cannot be used. {{status}},Основная рука не действует. {{status}}
GUI.SETTLER_MANAGEMENT.OFF_HAND.STATUS,,The off hand cannot be used. {{status}},Вторая рука не действует. {{status}}
GUI.SETTLER_MANAGEMENT.OFF_HAND.TWO_HANDED_WEAPON,,The {{weaponName}} requires two hands to use,{{weaponName}}: нужны обе руки
GUI.SETTLER_MANAGEMENT.POPULATION_STATISTICS,,Civilian Population {{civilianCount}} (Civilian Beds {{civilianBedCount}}) - Military Population {{militaryCount}} (Military Beds {{militaryBedCount}}) - Total Population {{populationCount}},Гражданские: {{civilianCount}} (кроватей: {{civilianBedCount}}) - Военные: {{militaryCount}} (кроватей: {{militaryBedCount}}) - Всего: {{populationCount}}
GUI.SETTLER_MANAGEMENT.PROFESSION.CIVILIAN,,Civilian,Гражданский
GUI.SETTLER_MANAGEMENT.PROFESSION.MILITARY,,Military,Военный
GUI.SETTLER_MANAGEMENT.PROFESSION.VILLAGER,,Hauler,Разнорабочий
GUI.SETTLER_MANAGEMENT.SEARCH,,Search,Поиск
GUI.SETTLER_MANAGEMENT.SORT.HAPPINESS,,Happiness,Счастье
GUI.SETTLER_MANAGEMENT.SORT.MILITARY_CIVILIAN,,Military/Civilian,Военные/гражданские
GUI.SETTLER_MANAGEMENT.SORT.NAME,,Name,Имя
GUI.SETTLER_MANAGEMENT.SORT.SKILL_LEVEL,,Skill Level,Уровень навыка
GUI.SETTLER_MANAGEMENT.SORT_BY,,Sort By,Сортировка
GUI.SETTLER_MANAGEMENT.TITLE,,Settlers,Поселенцы
GUI.SOUND_EFFECT_VOLUME,,Sound Effects,Звуковые эффекты
GUI.UI_SCALE,Used to make the game interface larger or smaller,UI Scale,Масштаб интерфейса
GUI.VIEW_MODE.DEFAULT,,Default view,Обычный вид
GUI.VIEW_MODE.JOB_PRIORITY,,Priority view,Приоритеты
GUI.VIEW_MODE.MECHANISMS,,Power view,Энергия
GUI.VIEW_MODE.PIPING,,Piping view,Трубы
GUI.VIEW_MODE.ROOFING_INFO,,Roof view,Крыши
GUI.VIEW_ROADMAP,,View development roadmap,Посмотреть планы разработки
GUI.YEAR_LABEL,,Year {{year}},Год {{year}}
GUI.ITEM.WEAPON_ATTACK_DESCRIPTION,,{{damageType}} damage ({{min}} - {{max}}),Урон: {{damageType}} ({{min}} - {{max}})
GUI.ITEM.WEAPON_ARMOR_NEGATION_DESCRIPTION,,Ignores {{value}} points of armour,Игнорирует {{value}} ед. брони

HAPPINESS_MODIFIER.ALCOHOL_WITHDRAWAL,,Going sober,Тяжело без выпивки
HAPPINESS_MODIFIER.ATE_NICELY_PREPARED_FOOD,,Ate a nicely prepared meal,Вкусная еда
HAPPINESS_MODIFIER.BLEEDING,,Bleeding profusely,"Обильное кровотечение "
HAPPINESS_MODIFIER.CARRIED_DEAD_BODY,,Carried a dead body,Пришлось нести труп
HAPPINESS_MODIFIER.CAUGHT_IN_RAIN,,Caught outside in the rain,Промок под дождем
HAPPINESS_MODIFIER.DRANK_ALCOHOL,,Under the effects of alcohol,"Под воздействием алкоголя "
HAPPINESS_MODIFIER.DRANK_FROM_RIVER,,Drank river water,Пришлось пить из реки
HAPPINESS_MODIFIER.DYING_OF_HUNGER,,Starving,Умирает от голода
HAPPINESS_MODIFIER.DYING_OF_THIRST,,Critically dehydrated,Сильное обезвоживание
HAPPINESS_MODIFIER.HAD_A_TANTRUM,,Had a tantrum,Недавняя истерика
HAPPINESS_MODIFIER.NEW_SETTLEMENT_OPTIMISM,,Optimistic about new settlement,Надежды на новое поселение
HAPPINESS_MODIFIER.ON_FIRE,,Was badly burned,Сильные ожоги
HAPPINESS_MODIFIER.POISONED,,Poisoned,Отравление
HAPPINESS_MODIFIER.SAW_DEAD_BODY,,Saw a dead body,Вид мертвого тела
HAPPINESS_MODIFIER.SLEEPING_IN_RAIN,,Slept in the rain,Сон под дождем
HAPPINESS_MODIFIER.SLEEPING_IN_SNOW,,Slept in the snow,Сон в снегу
HAPPINESS_MODIFIER.SLEPT_IN_BED,,Slept in a comfortable bed,Сон в удобной кровати
HAPPINESS_MODIFIER.SLEPT_ON_GROUND,,Slept on rough ground,Сон на голой земле
HAPPINESS_MODIFIER.SLEPT_OUTSIDE,,Slept under the stars,Сон под открытым небом
HAPPINESS_MODIFIER.TITLE,,Happiness:,Счастье:
HAPPINESS_MODIFIER.VERY_HUNGRY,,Very hungry,Сильный голод
HAPPINESS_MODIFIER.VERY_THIRSTY,,Very thirsty,Сильная жажда
HAPPINESS_MODIFIER.VERY_TIRED,,Extremely tired,Сильная усталость
HAPPINESS_MODIFIER.WORKED_IN_ENCLOSED_ROOM,,Worked in an enclosed room,Работа в закрытом помещении
HAPPINESS_MODIFIER.WORKED_IN_RAIN,,Working in the rain,Работа под дождем

HAULING.ASSIGNMENT.DESCRIPTION,,{{quantity}} assigned to {{targetDescription}},{{quantity}} назначено: {{targetDescription}}

HINT.BUILD_PIPES.1,,"You can use this view to lay pipes between liquid inputs and outputs, as well as irrigation channels.","В этом режиме можно прокладывать трубы между входами и выходами жидкости, а также к оросительным каналам."
HINT.BUILD_PIPES.2,,"These are placed below the ground, so make sure your settlers can access each tile from the side.","Они размещены под землей, поэтому убедитесь, что ваши поселенцы могут получить доступ к каждой клетке сбоку."
HINT.BUILD_PIPES.3,,Furniture with a liquid input or output display a blue or green icon indicating if they are an input or output to the network.,"У мебели с входом или выходом для жидкости есть синий или зеленый значок: он показывает, вход это или выход сети."
HINT.BUILD_POWER.1,,Use this view to link constructions that require power with mechanisms built from {{PRODUCT.STONE.GEAR.PLURAL}} and shafts.,"В этом режиме постройки, которым нужна энергия, соединяются механизмами: {{PRODUCT.STONE.GEAR.PLURAL}} и валы."
HINT.BUILD_POWER.2,,"These are placed below the ground, so make sure your settlers can access each tile from the side.","Они размещены под землей, поэтому убедитесь, что ваши поселенцы могут получить доступ к каждой клетке сбоку."
HINT.BUILD_POWER.3,,Constructions which require or produce power will display a red or green icon indicating if they are an input or output to the network.,"У построек, которые потребляют или вырабатывают энергию, есть красный или зеленый значок: он показывает, вход это или выход сети."
HINT.BUILD_ROOFING.1,,"This view allows you to see which tiles are outside with no roof above them (light blue), and those which have had a roof built overhead (dark brown).","Этот вид позволяет вам увидеть, какие клетки находятся снаружи без крыши над ними (светло-голубой), и те, у которых есть крыша над головой (темно-коричневый)."
HINT.BUILD_ROOFING.2,,"You can use the {{GUI.ROOFING.ADD}} and {{GUI.CANCEL_LABEL}} options to queue up roofing to be constructed, and {{GUI.DECONSTRUCT_LABEL}} to remove any existing roof tiles.","Кнопками «{{GUI.ROOFING.ADD}}» и «{{GUI.CANCEL_LABEL}}» можно ставить крышу в очередь на строительство и отменять ее, а кнопкой «{{GUI.DECONSTRUCT_LABEL}}» - сносить готовую крышу."
HINT.BUILD_ROOFING.3,,A roof can only be constructed within 3 tiles of a wall or {{FURNITURE.PILLAR}}.,Крышу можно построить только в пределах 3 клеток от стены или опоры «{{FURNITURE.PILLAR}}».
HINT.BUTTON.BEGIN_TUTORIAL,,Begin Tutorial,Начать обучение
HINT.BUTTON.DISABLE_ALL,,Disable all hints,Отключить все подсказки
HINT.BUTTON.DISMISS,,Dismiss,Закрыть
HINT.BUTTON.HINTS_ONLY,,Hints only,Только подсказки
HINT.BUTTON.NEXT,,Next,Далее
HINT.OPEN_PRIORITY_MENU.1,,"You can use this menu to change the priority of jobs and tasks, so that higher priority jobs will be assigned before lower priority jobs.","Вы можете использовать это меню для изменения приоритета заданий и задач, чтобы задания с более высоким приоритетом были назначены перед заданиями с более низким приоритетом."
HINT.OPEN_PRIORITY_MENU.2,,"While the Priority menu is open, the priority icons are shown in the game world where there is a job or task to be performed, or where a room or item of furniture may create jobs in the future.","Пока открыто меню приоритета, значки приоритета отображаются в игровом мире, где есть задание или задача, которую нужно выполнить, или где комната или предмет мебели могут создать рабочие места в будущем."
HINT.TOOL_DEPLETED.AXE1,,Your settlement no longer has an {{TOOL.AXE}} available. You will no longer be able to chop down trees.,В поселении не осталось ни одного инструмента «{{TOOL.AXE}}». Рубить деревья больше нельзя.
HINT.TOOL_DEPLETED.AXE2,,"More axes can be crafted at the {{FURNITURE.FORGE}}. If you do not have a {{FURNITURE.FORGE}} up and running, you may need to remove a {{FURNITURE.WOODCUTTERS_BENCH}}.","Новые топоры можно выковать на «{{FURNITURE.FORGE}}». Если горна еще нет, возможно, придется разобрать «{{FURNITURE.WOODCUTTERS_BENCH}}»."
HINT.TOOL_DEPLETED.CHISEL1,,Your settlement no longer has a {{TOOL.CHISEL}} available. This is required to construct stone furniture.,В поселении не осталось ни одного инструмента «{{TOOL.CHISEL}}». Без него нельзя делать каменную мебель.
HINT.TOOL_DEPLETED.CHISEL2,,"More chisels can be crafted at the {{FURNITURE.FORGE}}. If you do not have a {{FURNITURE.FORGE}} up and running, you may need to remove a {{FURNITURE.STONEMASON_WORKBENCH}}.","Новые долота можно выковать на «{{FURNITURE.FORGE}}». Если горна еще нет, возможно, придется разобрать «{{FURNITURE.STONEMASON_WORKBENCH}}»."
HINT.TOOL_DEPLETED.PLANE1,,Your settlement no longer has a {{TOOL.PLANE}} available. This is required to construct wooden furniture.,В поселении не осталось ни одного инструмента «{{TOOL.PLANE}}». Без него нельзя делать деревянную мебель.
HINT.TOOL_DEPLETED.PLANE2,,More planes can be crafted at the {{FURNITURE.CARPENTRY_WORKBENCH}} from a {{RESOURCE.PLANKS.NOUN}}.,"Новые рубанки делают на «{{FURNITURE.CARPENTRY_WORKBENCH}}», сырье: {{RESOURCE.PLANKS.NOUN}}."
HINT.TOOL_DEPLETED.SAW1,,Your settlement no longer has a {{TOOL.SAW}} available. This is required to build a {{FURNITURE.WOODCUTTERS_BENCH}} or {{FURNITURE.CARPENTRY_WORKBENCH}}.,В поселении не осталось ни одного инструмента «{{TOOL.SAW}}». Без нее нельзя построить «{{FURNITURE.WOODCUTTERS_BENCH}}» или «{{FURNITURE.CARPENTRY_WORKBENCH}}».
HINT.TOOL_DEPLETED.SAW2,,"More saws can be crafted at the {{FURNITURE.FORGE}}. If you do not have a {{FURNITURE.FORGE}} up and running, you may need to remove a {{FURNITURE.WOODCUTTERS_BENCH}} or {{FURNITURE.CARPENTRY_WORKBENCH}}.","Новые пилы можно выковать на «{{FURNITURE.FORGE}}». Если горна еще нет, возможно, придется разобрать «{{FURNITURE.WOODCUTTERS_BENCH}}» или «{{FURNITURE.CARPENTRY_WORKBENCH}}»."
HINT.WEAPON_SELECTION.1,,Use this view to select a type of weapon that the settler will keep in their inventory in case of combat.,"Здесь выбирается оружие, которое поселенец держит при себе на случай боя."
HINT.WEAPON_SELECTION.2,,It is strongly recommended you assign a ranged weapon such as a {{WEAPON.BOW}} or {{WEAPON.CROSSBOW}} to those settlers assigned as a {{PROFESSION.HUNTER}}.,"Тем, у кого профессия «{{PROFESSION.HUNTER}}», настоятельно рекомендуется выдать оружие дальнего боя, например «{{WEAPON.BOW}}» или «{{WEAPON.CROSSBOW}}»."
HINT.WEAPON_SELECTION.3,,Weapons which you do not have available are displayed in red.,"Оружие, которого у вас нет, отображается красным цветом."
HINT.WELCOME.NEXT_STEPS,,"Click “Tutorial” to be guided through the basics, “Hints only” to skip the tutorial but be provided with info as you play, or “Disable all hints” to stop showing these messages.","Нажмите «Обучение», чтобы пройти основы, «Только подсказки», чтобы пропустить обучение, но получать советы по ходу игры, или «Отключить все подсказки», чтобы больше не видеть эти сообщения."
HINT.WELCOME.PRE_SPAWN,,"Start the game by selecting a location on the map with open space near the river, and clicking the '{{GUI.EMBARK.START}}' button.","Чтобы начать игру, выберите на карте свободное место у реки и нажмите кнопку «{{GUI.EMBARK.START}}»."

HUMANOID.BROKEN.DESCRIPTION,"E.g. “Urist McScrooge, insane dwarf”","{{name}}, {{madness.adjective}} {{race.noun}}","{{name}}, {{race.noun}}: {{madness.adjective}}"
HUMANOID.DESCRIPTION,"E.g. “Urist McScrooge, Dwarven miner”","{{name}}, {{race.adjective}} {{skillLevelDescription.adjective}} {{profession.noun}}","{{name}}, {{race.adjective}} {{skillLevelDescription.adjective}} {{profession.noun}}"

INGREDIENT.DOUGH,To be combined with the above as “bread dough”,Dough,Тесто
INGREDIENT.FLOUR,,Flour,Мука
INGREDIENT.LOAF,To be combined with the above as “bread loaf”,Loaf,Буханка
INGREDIENT.LOAF.PLURAL,,Loaves,Буханки
INGREDIENT.MALT.SACK.NOUN,,Malt,Солод
INGREDIENT.MALT.SACK.TOOLTIP,,This needs to be milled before it can be used further for brewing.,"Его необходимо измельчить, прежде чем его можно будет использовать в дальнейшем для пивоварения."
INGREDIENT.MILLED.MALT.SACK.NOUN,,Milled malt,Измельченный солод
INGREDIENT.MILLED.MALT.SACK.TOOLTIP,,This is combined with water in a {{FURNITURE.MASH_TUN}} to produce {{LIQUID.WORT}}.,"Его смешивают с водой в чане «{{FURNITURE.MASH_TUN}}», и получается {{LIQUID.WORT}}."
INGREDIENT.MUSHROOM.SPAWN.NOUN,,Mushroom spawn,Грибница
INGREDIENT.MUSHROOM.SPAWN.PLURAL,,Mushroom spawn,Грибница
INGREDIENT.MUSHROOM.SPAWN.TOOLTIP,,"Also known as mycelium, this can be thought of as “seeds” from which to grow mushrooms in a {{ROOMS.MUSHROOM_FARM}}.","Ее еще называют мицелием. Это своего рода «семена», из которых растят грибы в помещении «{{ROOMS.MUSHROOM_FARM}}»."
INGREDIENT.SEEDS.NOUN,E.g. “Wheat seed”,Seed,Семя
INGREDIENT.SEEDS.PLURAL,E.g. “4 wheat seeds”,Seeds,Семена
INGREDIENT.SEEDS.TOOLTIP,,Seeds of the right type are required for planting in a {{ROOMS.FARM}}. They also need to be available in a {{STOCKPILE.GRANARY}} stockpile.,Для посадки на «{{ROOMS.FARM}}» нужны семена подходящего вида. Они также должны лежать на складе «{{STOCKPILE.GROUP.GRANARY}}».
INGREDIENT.VEGETABLE.CRATE.NOUN,,Vegetable (crate),"Овощи (ящик) "
INGREDIENT.VEGETABLE.CRATE.PLURAL,,Vegetables (crate),Овощи (ящики)
INGREDIENT.VEGETABLE.SACK.NOUN,,Vegetable (sack),Овощи (мешок)
INGREDIENT.VEGETABLE.SACK.PLURAL,,Vegetables (sack),Овощи (мешки)

INVENTORY.CONTAINS.LABEL,This is the label of “inventory” to go above a list of items contained within a piece of furniture or held by a character,Inventory:,Инвентарь:

ITEM.AVAILABILITY.DESCRIPTION,E.g. “2 potatoes”,{{quantity}} {{materialType.adjective}} {{itemType.noun_or_plural}} available,Доступно: {{quantity}} {{itemType.noun_or_plural}} {{materialType.adjective}}
ITEM.DESCRIPTION,"E.g. “Iron axe”, “Beech wood fishing rod”, “3 marble blocks”",{{quantity_if_multiple}} {{quality.adjective}} {{materialType.adjective}} {{itemType.noun_or_plural}},{{quantity_if_multiple}} {{itemType.noun_or_plural}} {{materialType.adjective}} {{quality.adjective}}
ITEM.INGREDIENT.DESCRIPTION,E.g. “2 potatoes”,{{quantity_if_multiple}} {{materialType.noun_or_plural}},{{quantity_if_multiple}} {{materialType.noun_or_plural}}
ITEM.NONE_SELECTED,,None selected,Ничего не выбрано
ITEM.QUALITY.PREFIX.AWFUL.ADJECTIVE,,Awful,ужасного качества
ITEM.QUALITY.PREFIX.AWFUL.TOOLTIP,,"This item is terribly made, difficult to use, and would not be worth very much","Предмет сделан ужасно: им неудобно пользоваться, и стоит он гроши"
ITEM.QUALITY.PREFIX.MASTERWORK.ADJECTIVE,,Masterwork,мастерской работы
ITEM.QUALITY.PREFIX.MASTERWORK.TOOLTIP,,"This item has clearly been made by a master craftsman, it is ideal in every way",Этот предмет явно сделал мастер: он идеален во всем
ITEM.QUALITY.PREFIX.POOR.ADJECTIVE,,Poor,плохого качества
ITEM.QUALITY.PREFIX.POOR.TOOLTIP,,This item is poorly made and will slightly impede anyone using it,"Предмет сделан плохо и немного мешает тому, кто им пользуется"
ITEM.QUALITY.PREFIX.SUPERIOR.ADJECTIVE,,Superior,отличного качества
ITEM.QUALITY.PREFIX.SUPERIOR.TOOLTIP,,"This item has been crafted with great skill, making it more valuable and easier to use","Предмет сделан с большим мастерством: он ценнее, и им удобнее пользоваться"

ITEM_GROUP.FUEL.PLURAL,,Fuel,Топливо
ITEM_GROUP.PRODUCT.PLURAL,,Products,Продукты
ITEM_GROUP.RESOURCE.PLURAL,,Resources,Ресурсы
ITEM_GROUP.TOOL.PLURAL,,Tools,Инструменты

LANGUAGE.LABEL,,Language,Язык

LIQUID.BEER.NOUN,,Beer,Пиво
LIQUID.BEER.TOOLTIP,,"Beloved by dwarves, this will provide a substantial happiness bonus for a while. The only problem is that they will eventually require it to get through the working day.",Гномы его обожают: пиво надолго заметно поднимает настроение. Одна беда - со временем без него они уже не могут пережить рабочий день.
LIQUID.HOPPED_WORT.NOUN,,Hopped wort,Сусло с хмелем
LIQUID.HOPPED_WORT.TOOLTIP,,This is the final stage of unfermented beer before it is placed in a {{FERMENTATION_TANK}} to produce drinkable beer.,"Последний этап неперебродившего пива. Дальше его отправляют в «{{FURNITURE.FERMENTATION_TANK}}», где получается пиво, которое можно пить."
LIQUID.WATER.NOUN,,Water,Вода
LIQUID.WORT.NOUN,,Wort,Сусло
LIQUID.WORT.TOOLTIP,,"This is unfermented beer, it requires {{VEGETABLE.HOPS}} to be added in a {{FURNITURE.BREW_KETTLE}} for flavour before it can be fermented.",Это неперебродившее пиво. Перед брожением в котле «{{FURNITURE.BREW_KETTLE}}» в него для вкуса добавляют {{VEGETABLE.HOPS}}.

MADNESS.BROKEN.ADJECTIVE,,Broken,Психика сломлена
MADNESS.BROKEN.TOOLTIP,,"This settler was so unhappy that they have been pushed past the breaking point and will no longer work or even eat! ","Этот поселенец был так несчастен, что его психика не выдержала. Он больше не будет работать и даже есть!"

MATERIAL,Used for specifying which material something is made out of,Material,Материал

MATERIAL_TYPE,,Type,Тип
MATERIAL_TYPE.ANY,For allowing any kind of material to be used,Any,Любой
MATERIAL_TYPE.CLOTH.ADJECTIVE,," "," "
MATERIAL_TYPE.CLOTH.NOUN,," "," "
MATERIAL_TYPE.EARTH.ADJECTIVE,,Earthen,из земли
MATERIAL_TYPE.EARTH.NOUN,,Earth,Земля
MATERIAL_TYPE.FOODSTUFF.NOUN,,Food,Еда
MATERIAL_TYPE.GEM.NOUN,This is only used as a noun,Gem,Самоцвет
MATERIAL_TYPE.METAL.ADJECTIVE,,Metallic,из металла
MATERIAL_TYPE.METAL.NOUN,,Metal,Металл
MATERIAL_TYPE.ORE.NOUN,This is only used as a noun,Ore,Руда
MATERIAL_TYPE.OTHER.NOUN,This isn't actually used in-game yet so won't be combined with other words,Other,Другое
MATERIAL_TYPE.ROPE.ADJECTIVE,," "," "
MATERIAL_TYPE.ROPE.NOUN,," "," "
MATERIAL_TYPE.SEED.NOUN,For saying something is “made up of seed”,Seed,Семена
MATERIAL_TYPE.SKIN.ADJECTIVE,," "," "
MATERIAL_TYPE.SKIN.NOUN,," "," "
MATERIAL_TYPE.STONE.ADJECTIVE,,,из камня
MATERIAL_TYPE.STONE.NOUN,,Stone,Камень
MATERIAL_TYPE.VEGETABLE.NOUN,Used to make up “Vegetable soup”,Vegetable,Овощи
MATERIAL_TYPE.VITRIOL.ADJECTIVE,,Vitriol of,из купороса
MATERIAL_TYPE.VITRIOL.NOUN,,Vitriol,Купорос
MATERIAL_TYPE.WOOD.ADJECTIVE,,Wooden,из дерева
MATERIAL_TYPE.WOOD.NOUN,,Wood,Дерево

MEAT.BOAR_MEAT,,Boar,Кабан
MEAT.CARP_MEAT.NOUN,,Carp,Карп
MEAT.CARP_MEAT.PLURAL,,Carp,Карпы
MEAT.DEER_MEAT,,Deer,Олень
MEAT.DWARF_FLESH,,Dwarf flesh,Плоть гнома
MEAT.ELEPHANT_MEAT,,Elephant,Слон
MEAT.FOX_MEAT,,Fox,Лисица
MEAT.HORSE_MEAT,,Horse,Лошадь
MEAT.PERCH_MEAT.NOUN,,Perch,Окунь
MEAT.PERCH_MEAT.PLURAL,,Perch,Окуни
MEAT.PIKE_MEAT.NOUN,,Pike,Щука
MEAT.PIKE_MEAT.PLURAL,,Pike,Щуки

MECHANISM.FURNITURE.CONSUMING_POWER,,Working - consuming {{power}} power,Работает - потребляет энергию: {{power}}
MECHANISM.FURNITURE.CRAFTING_STATION_REQUIRES_POWER,,Working very slowly - not enough power,Работает очень медленно - не хватает энергии
MECHANISM.FURNITURE.CRAFTING_STATION_REQUIRES_POWER.TOOLTIP,,This furniture requires an underground power connection to a power-producer such as a {{FURNITURE.WINDMILL}} or {{FURNITURE.WATERWHEEL}}.,"Этой мебели нужно подземное подключение к источнику энергии, например «{{FURNITURE.WINDMILL}}» или «{{FURNITURE.WATERWHEEL}}»."
MECHANISM.FURNITURE.PRODUCING_POWER,,Working - producing {{power}} power,Работает - вырабатывает энергию: {{power}}
MECHANISM.FURNITURE.REQUIRES_OUTSIDE_PLACEMENT,,This must be outside to function correctly,Для работы должно стоять снаружи
MECHANISM.FURNITURE.REQUIRES_POWER,,Disabled - not enough power,Отключено - не хватает энергии
MECHANISM.FURNITURE.REQUIRES_POWER.TOOLTIP,,This furniture requires an underground power connection to a power-producer such as a {{FURNITURE.WINDMILL}} or {{FURNITURE.WATERWHEEL}}.,"Этой мебели нужно подземное подключение к источнику энергии, например «{{FURNITURE.WINDMILL}}» или «{{FURNITURE.WATERWHEEL}}»."
MECHANISM.FURNITURE.REQUIRES_POWER_GRID,,Disabled - connect to an underground power connection,Отключено - подключите к подземной линии передачи
MECHANISM.FURNITURE.REQUIRES_POWER_GRID.TOOLTIP,,This furniture requires an underground power connection - see the {{GUI.BUILD.POWER}} option in the {{GUI.BUILD_LABEL}} menu.,Этой мебели нужно подземное подключение к энергии: см. «{{GUI.BUILD.POWER}}» в меню «{{GUI.BUILD_LABEL}}».
MECHANISM.STONE.GEAR.NOUN,,Gear assembly,Шестеренчатый узел
MECHANISM.STONE.GEAR.TOOLTIP,,This contraption links up mechanical power in all 4 directions.,Это устройство передает механическую энергию во все 4 стороны.
MECHANISM.WOODEN.SHAFT.NOUN,,Shaft,Вал
MECHANISM.WOODEN.SHAFT.TOOLTIP,,A wooden shaft links mechanical power in 2 directions.,Деревянный вал передает механическую энергию в 2 стороны.

MENU.CONTINUE_GAME,,Continue,Продолжить
MENU.CREDITS,,Credits,Авторы
MENU.JOIN_DISCORD,,Join Discord,Наш Discord
MENU.SOURCE_CODE,,Source Code,Исходный код
MENU.LINK_TWITCH_ACCOUNT,,Link Twitch,Привязать Twitch
MENU.LOAD_GAME,,Load,Загрузить
MENU.MODS,,Mods,Моды
MENU.NEW_GAME,,New Game,Новая игра
MENU.OPTIONS,,Options,Настройки
MENU.QUIT,,Quit,Выйти
MENU.SAVE_AND_QUIT,,Save & Quit,Сохранить и выйти
MENU.TOGGLE_FULLSCREEN,,Toggle fullscreen,Полноэкранный режим

METAL.BRONZE.ADJECTIVE,,Bronze,из бронзы
METAL.BRONZE.NOUN,,Bronze,Бронза
METAL.BRONZE.TOOLTIP,,Bronze is an alloy of copper and tin. It is harder and much more durable than copper alone. (Alloys have not yet been implemented),Бронза - сплав меди и олова. Она тверже и гораздо долговечнее чистой меди. (Сплавы пока не реализованы.)
METAL.COPPER.ADJECTIVE,,Copper,из меди
METAL.COPPER.NOUN,,Copper,Медь
METAL.COPPER.TOOLTIP,,"As well as occuring naturally as {{ORE.NATIVE_COPPER.NOUN}}, it is also easy to smelt from {{ORE.MALACHITE.NOUN}} ore. Copper has many uses, particularly in coinage, though it is not hard enough to create effective weapons.","Медь встречается в природе как «{{ORE.NATIVE_COPPER.NOUN}}», а еще ее легко выплавить из руды «{{ORE.MALACHITE.NOUN}}». У меди много применений, особенно в чеканке монет, но для хорошего оружия она слишком мягкая."
METAL.COPPER_PATINA.ADJECTIVE,,Copper,из патинированной меди
METAL.COPPER_PATINA.NOUN,,Copper (Patina),Медь (патина)
METAL.COPPER_PATINA.TOOLTIP,,{{METAL.COPPER.TOOLTIP}},{{METAL.COPPER.TOOLTIP}}
METAL.GOLD.ADJECTIVE,,Golden,из золота
METAL.GOLD.NOUN,,Gold,Золото
METAL.GOLD.TOOLTIP,,"The king of metals. Although it is not the rarest or most valuable, gold is the most coveted metal by most races – particularly dwarves.","Король металлов. Хотя золото и не самое редкое и ценное, оно является самым желанным металлом большинства рас — особенно гномов."
METAL.IRON.ADJECTIVE,,Iron,из железа
METAL.IRON.NOUN,,Iron,Железо
METAL.IRON.TOOLTIP,,It is a poor military which does not have access to iron. Dwarven metalsmiths know the secrets of working this into {{METAL.STEEL.NOUN}}.,"Плоха та армия, у которой нет железа. Гномьи кузнецы знают секрет, как превратить его в металл «{{METAL.STEEL.NOUN}}»."
METAL.PLATINUM.ADJECTIVE,,Platinum,из платины
METAL.PLATINUM.NOUN,,Platinum,Платина
METAL.PLATINUM.TOOLTIP,,A silver-white metal that is highly resistant to corrosion. Platinum is rarer and therefore more valuable than {{METAL.GOLD.NOUN}}.,"Серебристо-белый металл, который обладает высокой устойчивостью к коррозии. Платина встречается реже и поэтому более ценна, чем {{METAL.GOLD.NOUN}}."
METAL.RUSTED_IRON.ADJECTIVE,,Rusted iron,из ржавого железа
METAL.RUSTED_IRON.NOUN,,Rust,Ржавчина
METAL.RUSTED_IRON.TOOLTIP,,Iron turns to rust when exposed to rain for a long period. Eventually this will decay completely!,"Железо ржавеет при длительном воздействии дождя. В конце концов оно полностью разрушится! "
METAL.SILVER.ADJECTIVE,,Silver,из серебра
METAL.SILVER.NOUN,,Silver,Серебро
METAL.SILVER.TOOLTIP,,"Like {{METAL.GOLD.NOUN}}, silver is often used for coinage and as solid bars for the trading of wealth. ","Как и {{METAL.GOLD.NOUN}}, серебро часто используется для чеканки монет и в качестве слитков для торговли."
METAL.STEEL.ADJECTIVE,,Steel,из стали
METAL.STEEL.NOUN,,Steel,Сталь
METAL.STEEL.TOOLTIP,,"Far stronger than {{METAL.IRON.NOUN}} which makes for superior weapons and tools, only the dwarves know the secret of creating steel.","Сталь гораздо прочнее, чем {{METAL.IRON.NOUN}}: из нее выходят превосходные оружие и инструменты. Секрет ее выплавки знают только гномы."
METAL.TIN.ADJECTIVE,,Tin,из олова
METAL.TIN.NOUN,,Tin,Олово
METAL.TIN.TOOLTIP,,Tin can be smelted from {{ORE.CASSITERITE.NOUN}} and alloyed with {{METAL.COPPER.NOUN}} to produce {{METAL.BRONZE.NOUN}}. (Alloys have not yet been implemented),Олово выплавляют из руды «{{ORE.CASSITERITE.NOUN}}». В сплаве с металлом «{{METAL.COPPER.NOUN}}» оно дает бронзу. (Сплавы пока не реализованы.)
METAL.DURALUMINIUM.ADJECTIVE,,Duraluminium,из дюралюминия
METAL.DURALUMINIUM.NOUN,,Duraluminium,Дюралюминий
METAL.DURALUMINIUM.TOOLTIP,,A silvery alloy made from copper and aluminium. It is light and strong.,Серебристый сплав меди и алюминия. Легкий и прочный.

MILITARY.FORMATION.COLUMN,,Column - Narrow,Колонна - узкая
MILITARY.FORMATION.COLUMN_DOUBLE,,Column - Wide,Колонна - широкая
MILITARY.FORMATION.COLUMN_SINGLE,,Column,Колонна
MILITARY.FORMATION.GRID,,Grid - Narrow,Квадрат - узкий
MILITARY.FORMATION.GRID_DOUBLE,,Grid - Wide,Квадрат - широкий
MILITARY.FORMATION.GRID_SINGLE,,Grid,Квадрат
MILITARY.FORMATION.LINE,,Line - Narrow,Шеренга - узкая
MILITARY.FORMATION.LINE_DOUBLE,,Line - Wide,Шеренга - широкая
MILITARY.FORMATION.LINE_SINGLE,,Line,Шеренга
MILITARY.SQUAD.DEFAULT_NAME,,Squad,Отряд
MILITARY.SQUAD.ORDER_DESCRIPTION.COMBAT,,In Combat,В бою
MILITARY.SQUAD.ORDER_DESCRIPTION.GUARDING,,Guarding,Охрана
MILITARY.SQUAD.ORDER_DESCRIPTION.OFF_DUTY,,Off Duty,Вне службы
MILITARY.SQUAD.ORDER_DESCRIPTION.RETREATING,,Retreating,Отступление
MILITARY.SQUAD.ORDER_DESCRIPTION.TRAINING,,Training,Тренировка
MILITARY.SQUAD.SHIFT.DAYTIME,Used to assign a squad to active duty during the daytime,Day shift,Дневная смена
MILITARY.SQUAD.SHIFT.NIGHTTIME,Used to assign a squad to active duty during the nighttime,Night shift,Ночная смена

MODS.APPLY,,Apply,Применить
MODS.BUTTON.BROWSE,,Browse Mods,Каталог модов
MODS.BUTTON.REFRESH,,Refresh,Обновить
MODS.COMPATIBILITY.COMPATIBLE,,Yes,Да
MODS.COMPATIBILITY.INCOMPATIBLE,,No,Нет
MODS.COMPATIBILITY.UNKNOWN,,Unknown,Неизвестно
MODS.EMAIL_LOGIN.CHECK_EMAIL,,"Check your email for an authentication code. If you do not receive an email, please check your spam folder.","Проверьте почту: туда придет код подтверждения. Если письма нет, загляните в папку «Спам»."
MODS.EMAIL_LOGIN.CODE_LABEL,,6 Digit Code:,Код из 6 цифр:
MODS.EMAIL_LOGIN.EMAIL,,Enter your email address to receive an authentication code.,"Введите адрес электронной почты, чтобы получить код подтверждения."
MODS.EMAIL_LOGIN.EMAIL_LABEL,,Email:,Почта:
MODS.EMAIL_LOGIN.ERROR,,"An error occurred while communicating to the server. Either the server is down, the email address is invalid, or you are not connected to the internet.","Ошибка связи с сервером. Возможно, сервер недоступен, адрес почты неверный или нет подключения к интернету."
MODS.EMAIL_LOGIN.INFO,,"To download and update mods, you must connect to the Mod.io platform.","Чтобы скачивать и обновлять моды, нужно подключиться к платформе Mod.io."
MODS.EMAIL_LOGIN.REQUEST_CODE,,Request Code,Запросить код
MODS.EMAIL_LOGIN.SUBMIT_CODE,,Submit,Отправить
MODS.INCOMPATIBLE_VERSION_DESCRIPTION,,The mod's game version ({{modGameVersion}}) is incompatible with the current game version ({{gameVersion}}),Мод сделан для версии игры {{modGameVersion}} и несовместим с текущей версией {{gameVersion}}
MODS.MISSING_HOMEPAGE_URL,,The author(s) of this mod have not included a website to visit,Авторы этого мода не указали сайт
MODS.MISSING_MODS_DIALOG_TEXT,,This save file was last used while the following mods were active. These mods are now missing or disabled so the save may not load correctly.,"Этот файл сохранения использовался в последний раз, когда были активны следующие моды. Эти моды теперь отсутствуют или отключены, поэтому сохранение может загружаться неправильно."
MODS.MISSING_MODS_SAVE_EXCEPTION_DIALOG_TEXT,,"The save file could not be loaded because either it is incompatible with this version of the game, or because some mods have been disabled or removed since this save was last loaded. The following mods were expected but are no longer active:","Не удалось загрузить файл сохранения, так как он несовместим с этой версией игры, или потому, что некоторые моды были отключены или удалены с момента последней загрузки этого сохранения. Ожидались следующие моды, но больше не активны:"
MODS.SYNC_IN_PROGRESS,,Please wait while the mod list is being updated. This may take a few minutes.,"Подождите, список модов обновляется. Это может занять несколько минут."
MODS.TABLE.COMPATIBILITY,,Compatible,Совместимость
MODS.TABLE.ENABLED,,Enable,Вкл.
MODS.TABLE.NAME,,Name,Название
MODS.TABLE.ORDERING,,Re-order,Порядок
MODS.TABLE.VERSION,,Version,Версия

MUSHROOM.DESCRIPTION,E.g. “Toadstool mushroom”,{{materialType.noun}},{{materialType.noun}}

NEEDS.DRINK,,Drink,Жажда
NEEDS.FOOD,,Food,Голод
NEEDS.SLEEP,,Sleep,Усталость

NOTIFICATION.AREA_REVEALED.DESCRIPTION,,Your miners have discovered a new area!,Ваши шахтеры открыли новую территорию!
NOTIFICATION.AREA_REVEALED.TITLE,,Exploration,Исследование
NOTIFICATION.CARAVAN_BLOCKED.DESCRIPTION,,"A trade caravan is waiting at the edge of the map, but there is no way through to you. Open a path within three days or the caravan will leave. Go to the location to see where the way is cut off.","Торговый караван ждет у края карты, но к вам нет прохода. Откройте путь за три дня, иначе караван уйдет. Нажмите «Показать на карте», чтобы увидеть, где перекрыт путь."
NOTIFICATION.CARAVAN_BLOCKED.TITLE,,The caravan cannot get through,Караван не может пройти
NOTIFICATION.CARAVAN_LEFT.DESCRIPTION,,The traders gave up waiting for a way through and left.,Торговцы не дождались прохода и ушли.
NOTIFICATION.CARAVAN_LEFT.TITLE,,The caravan has left,Караван ушел
NOTIFICATION.DEATH.DESCRIPTION,,"{{character}}, has died due to {{reason}}.",Погиб поселенец: {{character}}. Причина: {{reason}}.
NOTIFICATION.DEATH.KILLED_BY_DESCRIPTION,,Killed by {{killer}},Убийца: {{killer}}
NOTIFICATION.DEATH.SHORT_DESCRIPTION,,Died due to {{reason}},Причина смерти: {{reason}}
NOTIFICATION.DEATH.TITLE,,Settler Death,Смерть поселенца
NOTIFICATION.FIRE_STARTED.DESCRIPTION,,A fire has broken out in your settlement!,"В вашем поселении вспыхнул пожар! "
NOTIFICATION.FIRE_STARTED.TITLE,,Fire!,Пожар!
NOTIFICATION.FISH_EXHAUSTED.DESCRIPTION,,You have over-fished the river to such an extent that there are no more fish left. You will have to wait until the spawning season next spring for the fish to return.,"Вы выловили так много рыбы в реке, что рыбы больше не осталось. Вам придется подождать до начала сезона нереста следующей весной, чтобы рыба вернулась."
NOTIFICATION.FISH_EXHAUSTED.TITLE,,Fish Depopulated,Рыба закончилась
NOTIFICATION.GAME_OVER.DESCRIPTION,,All things must come to an end. Your settlement lies abandoned.,Все должно закончиться. Ваше поселение заброшено.
NOTIFICATION.GAME_OVER.TITLE,,Game Over,Игра окончена
NOTIFICATION.IMMIGRANTS_ARRIVED.DESCRIPTION,,"A new settler has arrived, drawn by the prosperity of your settlement.",Процветание поселения привлекло нового переселенца.
NOTIFICATION.IMMIGRANTS_ARRIVED.TITLE,,New arrival,Новый переселенец
NOTIFICATION.IMMIGRANT_BLOCKED.DESCRIPTION,,A newcomer cannot reach your settlement: there is no open path from the edge of the map. They will try again tomorrow. Go to the location to see where the way is cut off.,"Переселенец не может к вам попасть: от края карты нет открытого пути. Он попробует снова завтра. Нажмите «Показать на карте», чтобы увидеть, где перекрыт путь."
NOTIFICATION.IMMIGRANT_BLOCKED.TITLE,,No way in,Нет прохода
NOTIFICATION.INVASION.DESCRIPTION,,A raiding party of orcs has arrived. Prepare yourselves! They will attack after preparing for a while.,"Прибыл отряд орков-налетчиков. Готовьтесь! Немного подготовившись, они нападут."
NOTIFICATION.INVASION.TITLE,,You are being invaded!,Вторжение!
NOTIFICATION.MINING_COLLAPSE.DESCRIPTION,,An area has caved in due to a lack of pillars and supports.,Участок обрушился: не хватило колонн и опор.
NOTIFICATION.MINING_COLLAPSE.TITLE,,Mining Collapse,Шахта обрушилась
NOTIFICATION.OXIDISATION_DESTRUCTION.DESCRIPTION,,An item or piece of furniture has been destroyed due to prolonged exposure to rain.\nSome materials such as iron and steel should not be left outside for a long period.,"Предмет или мебель разрушились от долгого пребывания под дождем.\nНекоторые материалы, например железо и сталь, нельзя надолго оставлять снаружи."
NOTIFICATION.OXIDISATION_DESTRUCTION.TITLE,,Rusted Away,Заржавело
NOTIFICATION.PIRATE_INVASION.DESCRIPTION,,Pirates have arrived! Don't let them steal your stuff!,Пираты! Не дайте им украсть ваше добро!
NOTIFICATION.PIRATE_INVASION.TITLE,,Pirates!,Пираты!
NOTIFICATION.ROOFING_COLLAPSE.DESCRIPTION,,A roof has collapsed due to a lack of pillars and supports.,Крыша обрушилась: не хватило колонн и опор.
NOTIFICATION.ROOFING_COLLAPSE.TITLE,,Roof Collapsed,Крыша обрушилась
NOTIFICATION.SETTLER_MENTAL_BREAK.DESCRIPTION,,The gruelling hardship has proven to be too much to handle for {{character}}.,{{character}}: тяготы жизни оказались невыносимы.
NOTIFICATION.SETTLER_MENTAL_BREAK.TITLE,,Mental Break,Нервный срыв
NOTIFICATION.SETTLER_STUCK.DESCRIPTION,,"A settler has become stuck, unable to find a drink. Act quickly!",Поселенец застрял и не может добраться до воды. Действуйте быстро!
NOTIFICATION.SETTLER_STUCK.TITLE,,Trapped!,В ловушке!
NOTIFICATION.SETTLER_TANTRUM.DESCRIPTION,,{{character}} has become so unhappy that they are throwing a tantrum!,{{character}}: от несчастья - приступ ярости!
NOTIFICATION.SETTLER_TANTRUM.TITLE,,Tantrum!,Ярость!
NOTIFICATION.TRADER_ARRIVED.DESCRIPTION,,They are heading to your Trading Depot to buy and sell goods.,"Они направляются к торговому складу, чтобы покупать и продавать товары."
NOTIFICATION.TRADER_ARRIVED.TITLE,,Traders have arrived!,Прибыли торговцы!
NOTIFICATION.TRADER_ARRIVED_NO_DEPOT.DESCRIPTION,,You must construct a Trading Depot to buy and sell goods.,"Чтобы торговать, нужно построить торговый склад."
NOTIFICATION.TRADER_ARRIVED_NO_DEPOT.TITLE,,Traders have arrived!,Прибыли торговцы!

ORE.BAUXITE.ADJECTIVE,,Bauxite,из боксита
ORE.BAUXITE.NOUN,,Bauxite,Боксит
ORE.BAUXITE.TOOLTIP,,"Bauxite is the primary ore of aluminium. Unfortunately, a means of aluminium production is yet to be discovered.","Боксит является основной рудой алюминия. К сожалению, способ производства алюминия пока не найден."
ORE.BITUMINOUS_COAL.ADJECTIVE,,Bituminous coal,из каменного угля
ORE.BITUMINOUS_COAL.NOUN,,Bituminous coal,Каменный уголь
ORE.BITUMINOUS_COAL.TOOLTIP,,This can be converted into {{ORE.COKE.NOUN}} using a {{FURNITURE.COKE_OVEN}}.,В печи «{{FURNITURE.COKE_OVEN}}» из него получают {{ORE.COKE.NOUN}}.
ORE.CASSITERITE.ADJECTIVE,,Cassiterite,из касситерита
ORE.CASSITERITE.NOUN,,Cassiterite,Касситерит
ORE.CASSITERITE.TOOLTIP,,An ore that can be smelted to produce {{METAL.TIN.NOUN}}.,"Руда, из которой выплавляют {{METAL.TIN.NOUN}}."
ORE.CHARCOAL.ADJECTIVE,,Charcoal,из древесного угля
ORE.CHARCOAL.NOUN,,Charcoal,Древесный уголь
ORE.CHARCOAL.TOOLTIP,,{{FUEL.SACK}} produced from wooden {{RESOURCE.LOGS.PLURAL}}.,"Это {{FUEL.SACK}}, которое получают из сырья «{{RESOURCE.LOGS.PLURAL}}»."
ORE.CHRYSOCOLLA.ADJECTIVE,,Chrysocolla,из хризоколлы
ORE.CHRYSOCOLLA.NOUN,,Chrysocolla,Хризоколла
ORE.CHRYSOCOLLA.TOOLTIP,,"Often confused with turquoise, it is actually an ore of {{METAL.COPPER}}.","Ее часто путают с бирюзой, но на самом деле это руда, из которой выплавляют {{METAL.COPPER}}."
ORE.COKE.ADJECTIVE,,Coke,из кокса
ORE.COKE.NOUN,,Coke,Кокс
ORE.COKE.TOOLTIP,,A refined form of {{ORE.BITUMINOUS_COAL}} which can be used as {{FUEL.SACK}}.,"Облагороженный уголь ({{ORE.BITUMINOUS_COAL}}), который используется как {{FUEL.SACK}}."
ORE.GALENA.ADJECTIVE,,Galena,из галенита
ORE.GALENA.NOUN,,Galena,Галенит
ORE.GALENA.TOOLTIP,,An ore that can be smelted to produce {{METAL.SILVER}}.,"Руда, из которой выплавляют {{METAL.SILVER}}."
ORE.HEMATITE.ADJECTIVE,,Hematite,из гематита
ORE.HEMATITE.NOUN,,Hematite,Гематит
ORE.HEMATITE.TOOLTIP,,An ore that can be smelted to produce {{METAL.IRON}}.,"Руда, из которой выплавляют {{METAL.IRON}}."
ORE.ILMENITE.ADJECTIVE,,Ilmenite,из ильменита
ORE.ILMENITE.NOUN,,Ilmenite,Ильменит
ORE.ILMENITE.TOOLTIP,,"Ilmenite is the primary ore of titanium. Unfortunately, a means of titanium production is yet to be discovered.","Ильменит является основной рудой титана. К сожалению, способ производства титана пока не найден."
ORE.MALACHITE.ADJECTIVE,,Malachite,из малахита
ORE.MALACHITE.NOUN,,Malachite,Малахит
ORE.MALACHITE.TOOLTIP,,An ore that can be smelted to produce {{METAL.COPPER}}.,"Руда, из которой выплавляют {{METAL.COPPER}}."
ORE.NATIVE_COPPER.ADJECTIVE,,Native copper,из самородной меди
ORE.NATIVE_COPPER.NOUN,,Native copper,Самородная медь
ORE.NATIVE_COPPER.TOOLTIP,,Naturally-occuring {{METAL.COPPER}} which must be smelted before use.,Самородный металл ({{METAL.COPPER}}). Перед использованием его нужно переплавить.
ORE.NATIVE_GOLD.ADJECTIVE,,Native gold,из самородного золота
ORE.NATIVE_GOLD.NOUN,,Native gold,Самородное золото
ORE.NATIVE_GOLD.TOOLTIP,,Naturally-occuring {{METAL.GOLD}} which must be smelted before use.,Самородный металл ({{METAL.GOLD}}). Перед использованием его нужно переплавить.
ORE.NATIVE_PLATINUM.ADJECTIVE,,Native platinum,из самородной платины
ORE.NATIVE_PLATINUM.NOUN,,Native platinum,Самородная платина
ORE.NATIVE_PLATINUM.TOOLTIP,,Naturally-occuring {{METAL.PLATINUM}} which must be smelted before use.,Самородный металл ({{METAL.PLATINUM}}). Перед использованием его нужно переплавить.
ORE.NATIVE_SILVER.ADJECTIVE,,Native silver,из самородного серебра
ORE.NATIVE_SILVER.NOUN,,Native silver,Самородное серебро
ORE.NATIVE_SILVER.TOOLTIP,,Naturally-occuring {{METAL.SILVER}} which must be smelted before use.,Самородный металл ({{METAL.SILVER}}). Перед использованием его нужно переплавить.
ORE.POLLUCITE.ADJECTIVE,,Pollucite,из поллуцита
ORE.POLLUCITE.NOUN,,Pollucite,Поллуцит
ORE.POLLUCITE.TOOLTIP,,"Pollucite is an ore of Caesium, which is currently too dangerous to produce. Particularly crazy dwarven metalsmiths are currently trying to find a reliable method of production.","Поллуцит - руда цезия, производить который пока слишком опасно. Самые безрассудные гномьи кузнецы ищут надежный способ."
ORE.PYRITE.ADJECTIVE,,Fool's gold,из пирита
ORE.PYRITE.NOUN,,Fool's gold,Пирит
ORE.PYRITE.TOOLTIP,,"Also known as Pyrite, its pale-yellow appearance causes some to mistake it for gold. It has several uses when crushed, but care must be taken as it sparks when struck.","Его называют «золотом дураков»: из-за бледно-желтого цвета пирит легко спутать с золотом. В дробленом виде он находит разное применение, но обращаться с ним нужно осторожно: при ударе он искрит."
ORE.THORIUM.ADJECTIVE,,Thorium,из тория
ORE.THORIUM.NOUN,,Thorium,Торий
ORE.THORIUM.TOOLTIP,,A silvery metallic ore which turns black when exposed to air. It is strangely warm to the touch.,"Серебристая металлическая руда, которая чернеет на воздухе. На ощупь она странно теплая."
ORE.WOLFRAMITE.ADJECTIVE,,Wolframite,из вольфрамита
ORE.WOLFRAMITE.NOUN,,Wolframite,Вольфрамит
ORE.WOLFRAMITE.TOOLTIP,,A metallic ore which complicates the smelting of tin. It has too high a melting point to be smelted with normal processes.,"Металлическая руда, которая мешает выплавке олова. У нее слишком высокая температура плавления для обычных способов."

OTHER.ASH,,Charred,Пепел
OTHER.ASH.NOUN,,,Пепел
OTHER.ASH.ADJECTIVE,,,от пожара
OTHER.BRICK.NOUN,,Brick,Кирпич
OTHER.CLAY_SOIL.NOUN,,Clay soil,Глинистая почва
OTHER.GRASS.NOUN,,,Трава

PRIORITY.DISABLED,,Disabled,Отключено
PRIORITY.HIGHER,,Higher priority,Повышенный
PRIORITY.HIGHEST,,Highest priority,Наивысший
PRIORITY.LOWER,,Lower priority,Пониженный
PRIORITY.LOWEST,,Lowest priority,Самый низкий
PRIORITY.NORMAL,,Normal priority,Обычный

PRIVACY.OPT_IN.ACCEPT_BUTTON,,I Accept,Я принимаю
PRIVACY.OPT_IN.DATA_POINT.1,,• The version of the game client,• Версия игрового клиента
PRIVACY.OPT_IN.DATA_POINT.2,,• Your options settings,• Ваши настройки
PRIVACY.OPT_IN.DATA_POINT.3,,• The status of the game at the time of the crash,• Состояние игры в момент сбоя
PRIVACY.OPT_IN.DESCRIPTION,,"Mountaincore is in active development. To help diagnose and fix bugs, please click ""I Accept"" below to send anonymous crash reports automatically. \n\nThis is made up of only the following data:","Mountaincore активно разрабатывается. Чтобы помочь находить и исправлять ошибки, нажмите «Я принимаю» ниже: игра будет автоматически отправлять анонимные отчеты о сбоях. \n\nОни содержат только следующие данные:"
PRIVACY.OPT_IN.DO_NOT_ACCEPT_BUTTON,,Disable Reporting,Отключить отчеты

PRODUCT.ANVIL,,Anvil,Наковальня
PRODUCT.ANVIL.PLURAL,,Anvils,Наковальни
PRODUCT.ANVIL.TOOLTIP,,A large block of metal used to hammer heated metal into shape. Required to construct a {{FURNITURE.FORGE}}.,"Большой металлический блок, на котором молотом придают форму раскаленному металлу. Нужна, чтобы построить «{{FURNITURE.FORGE}}»."
PRODUCT.BARREL.HOOPS,,Barrel hoops,Обручи для бочек
PRODUCT.BARREL.HOOPS.TOOLTIP,,Metal hoops used to construct a {{PRODUCT.BARREL.NOUN}}. Also used in some machinery.,"Металлические обручи, из которых вместе с клепками собирают «{{PRODUCT.BARREL.NOUN}}». Также нужны для некоторых машин."
PRODUCT.BARREL.NOUN,,Barrel,Бочка
PRODUCT.BARREL.PLURAL,,Barrels,Бочки
PRODUCT.BARREL.STAVES,,Barrel staves,Бочарные клепки
PRODUCT.BARREL.STAVES.TOOLTIP,,Curved wooden planks used to construct a {{PRODUCT.BARREL.NOUN}}.,"Изогнутые деревянные дощечки, из которых собирают «{{PRODUCT.BARREL.NOUN}}»."
PRODUCT.BARREL.TOOLTIP,,A cylindrical container for liquids. The curved shape makes it easier to roll around.,Цилиндрический сосуд для жидкостей. Благодаря форме его удобно катить.
PRODUCT.BOWL,A bowl for eating from,Bowl,Миска
PRODUCT.BOWL.DESCRIPTION,E.g. “Bowl of vegetable soup”,Bowl of {{cooking.soup.description}},Миска: {{cooking.soup.description}}
PRODUCT.BOWL.PLURAL,,Bowls,Миски
PRODUCT.BREAD.DOUGH.NOUN,,Dough,Тесто
PRODUCT.BREAD.DOUGH.PLURAL,,Dough,Тесто
PRODUCT.BREAD.DOUGH.TOOLTIP,,A mix of ingredients that can be baked into {{PRODUCT.BREAD.LOAF.PLURAL}} using an {{FURNITURE.BAKING_OVEN}}.,"Смесь ингредиентов, из которой в печи «{{FURNITURE.BAKING_OVEN}}» выпекают {{PRODUCT.BREAD.LOAF.PLURAL}}."
PRODUCT.BREAD.LOAF.NOUN,Translations incorrect and need fixing,Bread loaf,Буханка хлеба
PRODUCT.BREAD.LOAF.PLURAL,Translations incorrect and need fixing,Bread loaves,Буханки хлеба
PRODUCT.BREAD.LOAF.TOOLTIP,,"Prepared bread, ready to eat!",Готовый хлеб - можно есть!
PRODUCT.BUCKET.NOUN,,Bucket,Ведро
PRODUCT.BUCKET.PLURAL,,Buckets,Ведра
PRODUCT.BUCKET.TOOLTIP,,A small container used to move liquids around by hand.,"Небольшой контейнер, используемый для перемещения жидкостей вручную."
PRODUCT.CAULDRON,A large metal pot for cooking (common with Halloween),Cauldron,Котел
PRODUCT.CAULDRON.PLURAL,,Cauldrons,Котлы
PRODUCT.CAULDRON.TOOLTIP,,"Used by a {{PROFESSION.CHEF}} to prepare soup in a {{ROOMS.KITCHEN}}, where it is then moved to a {{ROOMS.FEASTING_HALL}}.","В нем {{PROFESSION.CHEF}} варит суп в помещении «{{ROOMS.KITCHEN}}», а потом котел переносят в «{{ROOMS.FEASTING_HALL}}»."
PRODUCT.CHEST.NOUN,,Chest,Сундук
PRODUCT.CHEST.PLURAL,,Chests,Сундуки
PRODUCT.CHEST.TOOLTIP,,Used to store coins for trading.,Для хранения монет для торговли.
PRODUCT.LEATHER.NOUN,,Leather,Кожа
PRODUCT.LEATHER.PLURAL,,Leather,Кожа
PRODUCT.LINEN.NOUN,,Linen,Полотно
PRODUCT.LINEN.PLURAL,,Linen,Полотно
PRODUCT.LINEN.TOOLTIP,,"A roll of fabric, primarily used for bedding.","Рулон ткани, в основном для постельного белья."
PRODUCT.LIQUID.TANK,,Tank,Бак
PRODUCT.LIQUID.TANK.PLURAL,,Tanks,Баки
PRODUCT.LIQUID.TANK.TOOLTIP,,"This is a metal container used to store liquids, which must be crafted at the {{FURNITURE.FORGE}}.",Металлический бак для хранения жидкостей. Изготавливается на «{{FURNITURE.FORGE}}».
PRODUCT.MILLSTONE,,Millstone,Жернов
PRODUCT.MILLSTONE.PLURAL,,Millstones,Жернова
PRODUCT.MILLSTONE.TOOLTIP,,Two large stone discs that are ground together to mill harvested crops. Used to construct a {{FURNITURE.FLOUR_MILL}}.,"Два больших каменных диска, которые перемалывают собранное зерно. Нужны, чтобы построить «{{FURNITURE.FLOUR_MILL}}»."
PRODUCT.RATION.DOUGH.NOUN,,Ration dough,Тесто для пайка
PRODUCT.RATION.DOUGH.PLURAL,,Ration dough,Тесто для пайка
PRODUCT.RATION.DOUGH.TOOLTIP,,A mix of ingredients that can be baked into {{PRODUCT.RATION.LOAF.PLURAL}} using an {{FURNITURE.BAKING_OVEN}}.,"Смесь ингредиентов, из которой в печи «{{FURNITURE.BAKING_OVEN}}» выпекают {{PRODUCT.RATION.PLURAL}}."
PRODUCT.RATION.NOUN,,Ration,Паек
PRODUCT.RATION.PLURAL,,Rations,Пайки
PRODUCT.RATION.TOOLTIP,,"These will last a long time to feed your settlers, but you will need other sources of food as a priority.","Пайков хватит надолго, чтобы прокормить поселенцев, но в первую очередь вам понадобятся другие источники еды."
PRODUCT.ROPE.NOUN,,Rope,Веревка
PRODUCT.ROPE.PLURAL,,Ropes,Веревки
PRODUCT.STONE.GEAR.NOUN,,Gear,Шестерня
PRODUCT.STONE.GEAR.PLURAL,,Gears,Шестерни
PRODUCT.STONE.GEAR.TOOLTIP,,Used in the construction of mechanisms.,Используется для сборки механизмов.
PRODUCT.STONE.PIPE.NOUN,,Pipe,Труба
PRODUCT.STONE.PIPE.PLURAL,,Pipes,Трубы
PRODUCT.STONE.PIPE.TOOLTIP,,Used for liquids to flow between tiles underground.,По трубам жидкость течет под землей из клетки в клетку.
PRODUCT.WATERSKIN.NOUN,,Waterskin,Бурдюк
PRODUCT.WATERSKIN.PLURAL,,Waterskins,Бурдюки
PRODUCT.WOODEN.SHAFT.HORIZONTAL.NOUN,,Horizontal shaft,"Горизонтальный вал "
PRODUCT.WOODEN.SHAFT.HORIZONTAL.PLURAL,,Horizontal shafts,"Горизонтальные валы "
PRODUCT.WOODEN.SHAFT.HORIZONTAL.TOOLTIP,,Used to connect mechanisms which produce and require power.,"Используется для соединения механизмов, которые производят и требуют энергии"
PRODUCT.WOODEN.SHAFT.VERTICAL.NOUN,,Vertical shaft,Вертикальный вал
PRODUCT.WOODEN.SHAFT.VERTICAL.PLURAL,,Vertical shafts,Вертикальные валы
PRODUCT.WOODEN.SHAFT.VERTICAL.TOOLTIP,,Used to connect mechanisms which produce and require power.,"Используется для соединения механизмов, которые производят и требуют энергии"

PROFESSION.ARTISAN.FEMALE_NOUN,,Artisan,Ремесленница
PROFESSION.ARTISAN.MALE_NOUN,,Artisan,Ремесленник
PROFESSION.ARTISAN.PLURAL,,Artisans,Ремесленники
PROFESSION.ARTISAN.VERB,,Fabricating,Изготовление
PROFESSION.BAKER.VERB,,Baking,Выпечка
PROFESSION.BLACKSMITH.FEMALE_NOUN,,Blacksmith,Кузнец
PROFESSION.BLACKSMITH.MALE_NOUN,,Blacksmith,Кузнец
PROFESSION.BLACKSMITH.PLURAL,,Blacksmiths,Кузнецы
PROFESSION.BLACKSMITH.TOOLTIP,,Crafts items using metal and also produces metal from ore.,"Изготавливает предметы из металла, а также производит металл из руды."
PROFESSION.BLACKSMITH.VERB,,Forging,Ковка
PROFESSION.BREWER.FEMALE_NOUN,,Brewer,Пивовар
PROFESSION.BREWER.MALE_NOUN,,Brewer,Пивовар
PROFESSION.BREWER.PLURAL,,Brewers,Пивовары
PROFESSION.BREWER.TOOLTIP,,Produces beer in a {{ROOMS.BREWERY}}.,Варит пиво в помещении «{{ROOMS.BREWERY}}».
PROFESSION.BREWER.VERB,,Brewing,Пивоварение
PROFESSION.CARPENTER.FEMALE_NOUN,,Carpenter,Плотник
PROFESSION.CARPENTER.MALE_NOUN,,Carpenter,Плотник
PROFESSION.CARPENTER.PLURAL,,Carpenters,Плотники
PROFESSION.CARPENTER.TOOLTIP,,Creates wooden furniture and items.,Создает мебель и предметы из дерева.
PROFESSION.CARPENTER.VERB,,Crafting,Изготовление
PROFESSION.CHEF.FEMALE_NOUN,,Chef,Повар
PROFESSION.CHEF.MALE_NOUN,,Chef,Повар
PROFESSION.CHEF.PLURAL,,Chefs,Повара
PROFESSION.CHEF.TOOLTIP,,Prepares all of the food to be consumed by your settlers.,"Готовит все продукты питания, которые будут потребляться вашими поселенцами."
PROFESSION.CHEF.VERB,,Cooking,Приготовление еды
PROFESSION.DESCRIPTION,,{{skillLevelDescription.adjective}} {{profession.noun}},{{skillLevelDescription.adjective}} {{profession.noun}}
PROFESSION.FARMER.FEMALE_NOUN,,Farmer,Фермер
PROFESSION.FARMER.MALE_NOUN,,Farmer,Фермер
PROFESSION.FARMER.PLURAL,,Farmers,Фермеры
PROFESSION.FARMER.TOOLTIP,,"Plants, tends and harvests crops.","Сажает, ухаживает и собирает урожай."
PROFESSION.FARMER.VERB,,Farming,Выращивание
PROFESSION.FISHER.FEMALE_NOUN,This could be “fisherman” and “fisherwoman”,Fisher,Рыболов
PROFESSION.FISHER.MALE_NOUN,,Fisher,Рыболов
PROFESSION.FISHER.TOOLTIP,,Catches fish from bodies of water for use as food and resources.,Ловит рыбу из водоемов для использования в качестве пищи и ресурсов.
PROFESSION.FISHER.VERB,,Fishing,Рыбалка
PROFESSION.HUNTER.FEMALE_NOUN,This could be “huntsman” and “huntress”,Hunter,Охотница
PROFESSION.HUNTER.MALE_NOUN,,Hunter,Охотник
PROFESSION.HUNTER.TOOLTIP,,Tracks and kills wild animals for their meat and pelts.,Выслеживает и убивает диких животных ради их мяса и шкур.
PROFESSION.HUNTER.VERB,,Hunting,Охота
PROFESSION.LEATHERWORKER.FEMALE_NOUN,,Leatherworker,Кожевница
PROFESSION.LEATHERWORKER.MALE_NOUN,,Leatherworker,Кожевник
PROFESSION.LEATHERWORKER.PLURAL,,Leatherworkers,Кожевники
PROFESSION.LEATHERWORKER.TOOLTIP,,Treats the hides of creatures to produce leather goods.,Выделывает шкуры животных и делает кожаные изделия.
PROFESSION.LEATHERWORKER.VERB,,Leatherworking,Кожевенное дело
PROFESSION.MAYOR.FEMALE_NOUN,"In English at least, “mayoress” is incorrect",Mayor,Мэр
PROFESSION.MAYOR.MALE_NOUN,,Mayor,Мэр
PROFESSION.MAYOR.VERB,,Governing,Управление
PROFESSION.MERCHANT.FEMALE_NOUN,,Merchant,Торговец
PROFESSION.MERCHANT.MALE_NOUN,,Merchant,Торговец
PROFESSION.MERCHANT.VERB,,Trading,Торговля
PROFESSION.MILLER.VERB,"Not a fully implemented profession, just used to describe “Milling flour”",Milling,Измельчение
PROFESSION.MINER.FEMALE_NOUN,,Miner,Шахтер
PROFESSION.MINER.MALE_NOUN,,Miner,Шахтер
PROFESSION.MINER.PLURAL,,Miners,Шахтеры
PROFESSION.MINER.TOOLTIP,,Excavates new areas using a {{TOOL.PICKAXE}}.,Прокладывает новые выработки. Инструмент: {{TOOL.PICKAXE}}.
PROFESSION.MINER.VERB,,Mining,Добыча
PROFESSION.NOBLE.FEMALE_NOUN,,Noble,Аристократка
PROFESSION.NOBLE.MALE_NOUN,,Noble,Аристократ
PROFESSION.NOBLE.TOOLTIP,,"Nobles do not fulfil jobs in the same way as common settlers, but bring fame and prestige to your settlement.","Знать не выполняет работу так, как обычные поселенцы, но приносит поселению славу и престиж."
PROFESSION.NOBLE.VERB,,Reigning,Царствование
PROFESSION.PIRATE.FEMALE_NOUN,,Pirate,Пиратка
PROFESSION.PIRATE.MALE_NOUN,,Pirate,Пират
PROFESSION.PIRATE.VERB,,Pilfering,Грабеж
PROFESSION.RUNESMITH.FEMALE_NOUN,from “runes” and “blacksmith”,Runesmith,Мастер рун
PROFESSION.RUNESMITH.MALE_NOUN,"This is an invented term for the game, but should be derived",Runesmith,Мастер рун
PROFESSION.RUNESMITH.TOOLTIP,,"Enchants weapons, armour and items with magical runes to boost their abilities.","Зачаровывает оружие, доспехи и предметы магическими рунами, чтобы повысить их характеристики."
PROFESSION.RUNESMITH.VERB,,Enchanting,Зачарование
PROFESSION.SKILL_LEVEL.1,,Neophyte,Неофит
PROFESSION.SKILL_LEVEL.1.MALE_ADJECTIVE,,,неопытный
PROFESSION.SKILL_LEVEL.1.FEMALE_ADJECTIVE,,,неопытная
PROFESSION.SKILL_LEVEL.1.ADJECTIVE,,,неопытный
PROFESSION.SKILL_LEVEL.1.TOOLTIP,,An absolute beginner with little to no experience.,Абсолютный новичок почти без опыта.
PROFESSION.SKILL_LEVEL.2,,Novice,Новичок
PROFESSION.SKILL_LEVEL.2.MALE_ADJECTIVE,,,начинающий
PROFESSION.SKILL_LEVEL.2.FEMALE_ADJECTIVE,,,начинающая
PROFESSION.SKILL_LEVEL.2.ADJECTIVE,,,начинающий
PROFESSION.SKILL_LEVEL.2.TOOLTIP,,They only understand the basics of their craft.,Знает только азы своего ремесла.
PROFESSION.SKILL_LEVEL.3,,Apprentice,Ученик
PROFESSION.SKILL_LEVEL.3.MALE_ADJECTIVE,,,способный
PROFESSION.SKILL_LEVEL.3.FEMALE_ADJECTIVE,,,способная
PROFESSION.SKILL_LEVEL.3.ADJECTIVE,,,способный
PROFESSION.SKILL_LEVEL.3.TOOLTIP,,"Though they are becoming skilled, there is still a lot of experience to be earned.","Навык растет, но опыта еще набираться и набираться."
PROFESSION.SKILL_LEVEL.4,,Journeyman,Подмастерье
PROFESSION.SKILL_LEVEL.4.MALE_ADJECTIVE,,,умелый
PROFESSION.SKILL_LEVEL.4.FEMALE_ADJECTIVE,,,умелая
PROFESSION.SKILL_LEVEL.4.ADJECTIVE,,,умелый
PROFESSION.SKILL_LEVEL.4.TOOLTIP,,"No longer an apprentice, they have reasonable skill in their given craft.",Уже не ученик: вполне сносно владеет своим ремеслом.
PROFESSION.SKILL_LEVEL.5,,Adept,Умелец
PROFESSION.SKILL_LEVEL.5.MALE_ADJECTIVE,,,толковый
PROFESSION.SKILL_LEVEL.5.FEMALE_ADJECTIVE,,,толковая
PROFESSION.SKILL_LEVEL.5.ADJECTIVE,,,толковый
PROFESSION.SKILL_LEVEL.5.TOOLTIP,,They are well-skilled but still have further heights that can be reached.,"Хорошо владеет ремеслом, но есть куда расти."
PROFESSION.SKILL_LEVEL.6,,Skilled,Профессионал
PROFESSION.SKILL_LEVEL.6.MALE_ADJECTIVE,,,искусный
PROFESSION.SKILL_LEVEL.6.FEMALE_ADJECTIVE,,,искусная
PROFESSION.SKILL_LEVEL.6.ADJECTIVE,,,искусный
PROFESSION.SKILL_LEVEL.6.TOOLTIP,,"Very skilled in their craft, they are now more than competent.","Очень высокий уровень мастерства, уже больше чем просто компетентность."
PROFESSION.SKILL_LEVEL.7,,Expert,Эксперт
PROFESSION.SKILL_LEVEL.7.MALE_ADJECTIVE,,,опытный
PROFESSION.SKILL_LEVEL.7.FEMALE_ADJECTIVE,,,опытная
PROFESSION.SKILL_LEVEL.7.ADJECTIVE,,,опытный
PROFESSION.SKILL_LEVEL.7.TOOLTIP,,There is little that the expert does not know of their respective field.,В своей области эксперт знает почти все.
PROFESSION.SKILL_LEVEL.8,,Master,Мастер
PROFESSION.SKILL_LEVEL.8.MALE_ADJECTIVE,,,виртуозный
PROFESSION.SKILL_LEVEL.8.FEMALE_ADJECTIVE,,,виртуозная
PROFESSION.SKILL_LEVEL.8.ADJECTIVE,,,виртуозный
PROFESSION.SKILL_LEVEL.8.TOOLTIP,,"Beyond even an expert, they are truly a master of their craft.",Выше эксперта: настоящий мастер своего дела.
PROFESSION.SKILL_LEVEL.9,,Grandmaster,Великий мастер
PROFESSION.SKILL_LEVEL.9.MALE_ADJECTIVE,,,легендарный
PROFESSION.SKILL_LEVEL.9.FEMALE_ADJECTIVE,,,легендарная
PROFESSION.SKILL_LEVEL.9.ADJECTIVE,,,легендарный
PROFESSION.SKILL_LEVEL.9.TOOLTIP,,There is nobody more skilled in their craft than a grandmaster.,Никто не владеет ремеслом лучше великого мастера.
PROFESSION.STONEMASON.FEMALE_NOUN,,Stonemason,Каменщица
PROFESSION.STONEMASON.MALE_NOUN,,Stonemason,Каменщик
PROFESSION.STONEMASON.PLURAL,,Stonemasons,Каменщики
PROFESSION.STONEMASON.TOOLTIP,,Crafts furniture and items from stone.,Создает мебель и предметы из камня.
PROFESSION.STONEMASON.VERB,,Sculpting,Высекание
PROFESSION.VILLAGER.FEMALE_NOUN,,Hauler,Разнорабочая
PROFESSION.VILLAGER.MALE_NOUN,,Hauler,Разнорабочий
PROFESSION.VILLAGER.TOOLTIP,,This settler does not have any specific professions and will fulfil any mundane tasks like hauling items.,"Этот поселенец не имеет какой-либо конкретной профессии и будет выполнять любые повседневные задачи, такие как транспортировка предметов."
PROFESSION.VILLAGER.VERB,,Working,Работа
PROFESSION.WEAVER.FEMALE_NOUN,,Weaver,Ткачиха
PROFESSION.WEAVER.MALE_NOUN,,Weaver,Ткач
PROFESSION.WEAVER.PLURAL,,Weavers,Ткачи
PROFESSION.WEAVER.TOOLTIP,,Processes materials into clothing and other fabrics.,Перерабатывает материалы в одежду и ткани.
PROFESSION.WEAVER.VERB,,Weaving,Ткачество
PROFESSION.WOODCUTTER.FEMALE_NOUN,This could be “lumberjack” and “lumberjane”,Woodcutter,Лесоруб
PROFESSION.WOODCUTTER.MALE_NOUN,,Woodcutter,Лесоруб
PROFESSION.WOODCUTTER.PLURAL,,Woodcutters,Лесорубы
PROFESSION.WOODCUTTER.TOOLTIP,,Cuts down trees as lumber that can be used in a {{ROOMS.SAWMILL}}.,Валит деревья. Бревна затем распиливают в помещении «{{ROOMS.SAWMILL}}».
PROFESSION.WOODCUTTER.VERB,,Chopping,Рубка

QUOTA.FIXED_AMOUNT,,in total,Всего
QUOTA.PER_SETTLER,,per settler,На поселенца

RACE.BOAR.NOUN,,Wild boar,Кабан
RACE.CARP.NOUN,,Carp,Карп
RACE.DEER.FEMALE_NOUN,,Doe,Лань
RACE.DEER.MALE_NOUN,,Stag,Олень
RACE.DEER.TOOLTIP,,A deer is a non-threatening herbivore which will flee at any sign of danger,"Олень - неопасное травоядное животное, которое убегает при любом признаке опасности"
RACE.DWARF.FEMALE_ADJECTIVE,,Dwarven,Гномья
RACE.DWARF.FEMALE_NOUN,,Dwarf,Гномиха
RACE.DWARF.FEMALE_PLURAL,,Dwarves,Гномы
RACE.DWARF.MALE_ADJECTIVE,,Dwarven,Гномий
RACE.DWARF.MALE_NOUN,The male and female forms are only for languages that need them,Dwarf,Гном
RACE.DWARF.MALE_PLURAL,Note that I'm going with Tolkein's spelling of “dwarves” rather than “dwarfs”,Dwarves,Гномы
RACE.DWARF.TOOLTIP,,Dwarves are short and stocky humanoids. They are masters of working with stone and metal. Most dwarves distrust the sky and prefer to stay underground.,"Гномы - невысокие коренастые гуманоиды, мастера работы с камнем и металлом. Большинство гномов не доверяют небу и предпочитают жить под землей."
RACE.ELEPHANT.NOUN,,Elephant,Слон
RACE.FOX.FEMALE_NOUN,,Vixen,Лисица
RACE.FOX.MALE_NOUN,,Fox,Лис
RACE.FUNGOLEM,,Fungolem,Грибоголем
RACE.HORSE.NOUN,,Horse,Лошадь
RACE.ORC.MALE_ADJECTIVE,,Orcish,Орочий
RACE.ORC.MALE_NOUN,Orcs are only male,Orc,Орк
RACE.PERCH.NOUN,,Perch,Окунь
RACE.PIKE.NOUN,,Pike,Щука
RACE.SPIDER,,Spider,Паук
RACE.UNDEAD_DWARF,,Undead dwarf,Гном-нежить
RACE.WURM,,Wurm,Вурм

RESOURCE.BONE.LARGE.NOUN,,Large Bone,Большая кость
RESOURCE.BONE.LARGE.PLURAL,,Large Bones,Большие кости
RESOURCE.BONE.MEDIUM.NOUN,,Medium Bone,Средняя кость
RESOURCE.BONE.MEDIUM.PLURAL,,Medium Bones,Средние кости
RESOURCE.BONE.SMALL.NOUN,,Small Bone,Маленькая кость
RESOURCE.BONE.SMALL.PLURAL,,Small Bones,Маленькие кости
RESOURCE.FLOUR.SACK.NOUN,,Flour,Мука
RESOURCE.FLOUR.SACK.PLURAL,,Flour,Мука
RESOURCE.FLOUR.SACK.TOOLTIP,,Grain that has been milled into a fine powder ready to be used as an ingredient in the production of food.,"Зерно, смолотое в тонкий порошок. Используется как ингредиент для еды."
RESOURCE.GEMS.UNREFINED.NOUN,,Uncut gem,Необработанный самоцвет
RESOURCE.GEMS.UNREFINED.PLURAL,,Uncut gems,Необработанные самоцветы
RESOURCE.GEMS.UNREFINED.TOOLTIP,,A hunk of rock containing gems ready to be cut and polished.,"Кусок породы с самоцветами, которые предстоит огранить и отполировать."
RESOURCE.GRAIN.SACK.NOUN,,Grain (sack),Зерно (мешок)
RESOURCE.GRAIN.SACK.PLURAL,,Grain (sack),Зерно (мешки)
RESOURCE.HEMP.BUNDLE.NOUN,,Hemp bundle,Пучок конопли
RESOURCE.HEMP.BUNDLE.PLURAL,,Hemp bundles,Пучки конопли
RESOURCE.HEMP.FIBRE.BUNDLE.NOUN,,Hemp fibre bundle,Пучок пенькового волокна
RESOURCE.HEMP.FIBRE.BUNDLE.PLURAL,,Hemp fibre bundles,Пучки пенькового волокна
RESOURCE.LOGS.NOUN,,Log,Бревно
RESOURCE.LOGS.PLURAL,,Logs,Бревна
RESOURCE.LOGS.TOOLTIP,,"Sections of a tree that are most commonly prepared into {{RESOURCE.PLANKS.PLURAL}}, but have other uses as well.","Части ствола. Чаще всего их распиливают на {{RESOURCE.PLANKS.PLURAL}}, но они нужны и для другого."
RESOURCE.METAL.BLOOM.NOUN,,Bloom,Крица
RESOURCE.METAL.BLOOM.PLURAL,,Blooms,Крицы
RESOURCE.METAL.BLOOM.TOOLTIP,,A lump of metal mixed with slag which must be hammered into a usable form.,"Кусок металла со шлаком. Его нужно проковать, чтобы металлом можно было пользоваться."
RESOURCE.METAL.INGOT.NOUN,,Ingot,Слиток
RESOURCE.METAL.INGOT.PLURAL,,Ingots,Слитки
RESOURCE.METAL.INGOT.TOOLTIP,,"Refined metal blocks, ready to be used as a crafting ingredient.","Слитки очищенного металла, готовые для ремесла."
RESOURCE.METAL.PLATE.NOUN,,Plate,Пластина
RESOURCE.METAL.PLATE.PLURAL,,Plates,Пластины
RESOURCE.METAL.PLATE.TOOLTIP,,"Large, flat plates that are used in some of the larger machinery.","Большие плоские пластины, которые используются в некоторых крупных машинах."
RESOURCE.MUSHROOM.LOG.NOUN,,Mushroom log,Грибное бревно
RESOURCE.MUSHROOM.LOG.PLURAL,,Mushroom logs,Грибные бревна
RESOURCE.MUSHROOM.LOG.TOOLTIP,,A log that has been infused with {{INGREDIENT.MUSHROOM.SPAWN.NOUN}}. The body of the log itself is where the mushrooms draw nutrients from. It requires dousing in a {{FURNITURE.MUSHROOM_SHOCK_TANK}} after becoming fully innoculated.,"Бревно, в которое внесли грибницу ({{INGREDIENT.MUSHROOM.SPAWN.NOUN}}). Грибы питаются самой древесиной. Когда грибница полностью приживется, бревно нужно окунуть в «{{FURNITURE.MUSHROOM_SHOCK_TANK}}»."
RESOURCE.MUSHROOM.LUMBER.NOUN,,Mushroom log,Ствол гриба
RESOURCE.MUSHROOM.LUMBER.PLURAL,,Mushroom logs,Стволы гриба
RESOURCE.MUSHROOM.LUMBER.TOOLTIP,,Sections of a giant mushroom that can be used in the same way as wooden {{RESOURCE.LOGS.PLURAL}}.,"Куски гигантского гриба. Их можно использовать так же, как {{RESOURCE.LOGS.PLURAL}}."
RESOURCE.ORE.CRUSHED.NOUN,,Crushed ore,Дробленая руда
RESOURCE.ORE.CRUSHED.PLURAL,,Crushed ore,Дробленая руда
RESOURCE.ORE.CRUSHED.TOOLTIP,,"A metallic sand created by breaking down raw metal ore, ready for use in a {{FURNITURE.BLOOMERY_FURNACE}}.",Металлический песок из раздробленной сырой руды. Готов к плавке в печи «{{FURNITURE.BLOOMERY_FURNACE}}».
RESOURCE.ORE.UNREFINED.NOUN,,Ore,Руда
RESOURCE.ORE.UNREFINED.PLURAL,,Ore,Руда
RESOURCE.ORE.UNREFINED.TOOLTIP,,Stone that contains metallic ores which can be processed into usable metal.,"Камень с металлической рудой, из которой можно получить металл."
RESOURCE.PLANKS.NOUN,,Plank,Доска
RESOURCE.PLANKS.PLURAL,,Planks,Доски
RESOURCE.PLANKS.TOOLTIP,,Sections of wood of a fixed size so they can be easily used in constructions and crafting.,"Куски дерева одинакового размера, которые удобно использовать в строительстве и ремеслах."
RESOURCE.SHOCKED.MUSHROOM.LOG.NOUN,,Mushroom log,Грибное бревно
RESOURCE.SHOCKED.MUSHROOM.LOG.PLURAL,,Mushroom logs,Грибные бревна
RESOURCE.SHOCKED.MUSHROOM.LOG.TOOLTIP,,This mushroom-infused log has been “shocked” in water to encourage the mushrooms to develop and should produce a harvest soon.,"Это пропитанное грибами бревно было “шокировано” водой, чтобы стимулировать развитие грибов, и вскоре должно дать урожай."
RESOURCE.STONE.BLOCK.NOUN,,Block,Блок
RESOURCE.STONE.BLOCK.PLURAL,,Blocks,Блоки
RESOURCE.STONE.BLOCK.TOOLTIP,,Stone that has been shaped into a cube so that it can be easily used in construction or crafting.,"Камень, обтесанный в форме куба. Его удобно использовать в строительстве и ремеслах."
RESOURCE.STONE.UNREFINED.NOUN,,Rough stone boulder,Грубый валун
RESOURCE.STONE.UNREFINED.PLURAL,,Rough stone boulders,Грубые валуны
RESOURCE.STONE.UNREFINED.TOOLTIP,,A huge piece of stone that must be chiselled into a more useful shape by a {{PROFESSION.STONEMASON}}.,Огромная глыба камня. Обтесать ее в удобную форму должен {{PROFESSION.STONEMASON}}.
RESOURCE.WHEAT.SACK.NOUN,,Wheat (sack),Пшеница (мешок)
RESOURCE.WHEAT.SACK.PLURAL,,Wheat (sack),Пшеница (мешки)
RESOURCE.WHEAT.SACK.TOOLTIP,,Sacks of wheat are harvested from farm plots sown with wheat seeds.,"Мешки пшеницы собирают с огородов, засеянных пшеницей."

ROOMS.ARMOURY,,Armoury,Оружейная
ROOMS.ARMOURY.TOOLTIP,,Weapons and armour are created here.,Здесь делают оружие и доспехи.
ROOMS.ARTISAN_WORKSHOP,,Artisan workshop,Мастерская ремесленника
ROOMS.ARTISAN_WORKSHOP.TOOLTIP,,Intricate items are crafted here.,Здесь изготавливают тонкие изделия.
ROOMS.BAKERY,,Bakery,Пекарня
ROOMS.BAKERY.TOOLTIP,,Where bread dough is created and then baked into bread.,Здесь замешивают тесто и выпекают хлеб.
ROOMS.BARRACKS,,Barracks,Казарма
ROOMS.BARRACKS.TOOLTIP,,A place for members of the military to sleep and train.,Здесь военные спят и тренируются.
ROOMS.BEDROOM,,Bedroom,Спальня
ROOMS.BEDROOM.TOOLTIP,,A place for your settlers to sleep.,Место для сна поселенцев.
ROOMS.BREWERY,,Brewery,Пивоварня
ROOMS.BREWERY.TOOLTIP,,Brews beer for your settlers to enjoy!,Здесь варят пиво на радость поселенцам!
ROOMS.BRIDGE,,Bridge,Мост
ROOMS.BRIDGE.TOOLTIP,,Placed across the river to allow access to the other side.,"Перекидывается через реку, чтобы попасть на другой берег."
ROOMS.CARPENTRY_WORKSHOP,,Carpentry workshop,Мастерская плотника
ROOMS.CARPENTRY_WORKSHOP.TOOLTIP,,This workshop produces most wooden tools and items,Эта мастерская производит большинство деревянных инструментов и предметов.
ROOMS.COMPONENT.STOCKPILE.DESCRIPTION,,{{allocated}} of {{total}} spaces currently in use,Занято мест: {{allocated}} из {{total}}
ROOMS.FARM,,Farm plot,Огород
ROOMS.FARM.PLURAL,,Farm plots,Огороды
ROOMS.FARM.TOOLTIP,,Grows crops using {{INGREDIENT.SEEDS.PLURAL}}. Must be placed on {{MATERIAL_TYPE.EARTH.NOUN}}.,Здесь выращивают культуры из семян ({{INGREDIENT.SEEDS.PLURAL}}). Размещается только на земле.
ROOMS.FEASTING_HALL,,Feasting hall,Трапезная
ROOMS.FEASTING_HALL.TOOLTIP,,"A place for settlers to gather to eat, drink and be merry!","Здесь поселенцы собираются, чтобы есть, пить и веселиться!"
ROOMS.FUEL_REFINERY,,Fuel refinery,Топливный цех
ROOMS.FUEL_REFINERY.TOOLTIP,,Produces fuel from {{RESOURCE.LOGS.PLURAL}} or {{ORE.BITUMINOUS_COAL.NOUN}}.,Здесь производят топливо. Сырье: {{RESOURCE.LOGS.PLURAL}} или {{ORE.BITUMINOUS_COAL.NOUN}}.
ROOMS.GRAVEYARD,,Graveyard,Кладбище
ROOMS.GRAVEYARD.TOOLTIP,,Deceased settlers are laid to rest here.,Здесь покоятся умершие поселенцы.
ROOMS.ITERATIVE_NAMED_ROOM,,{{roomName}} #{{number}},{{roomName}} #{{number}}
ROOMS.KITCHEN,,Kitchen,Кухня
ROOMS.KITCHEN.TOOLTIP,,Most food is prepared here before being served in a {{ROOMS.FEASTING_HALL}}.,"Здесь готовят большую часть еды, прежде чем подать ее в «{{ROOMS.FEASTING_HALL}}»."
ROOMS.LEATHER_WORKSHOP,,Leatherworks,Кожевня
ROOMS.LEATHER_WORKSHOP.TOOLTIP,,Craft items out of animal hide.,Здесь делают изделия из шкур животных.
ROOMS.MASONRY_WORKSHOP,,Masonry workshop,Мастерская каменщика
ROOMS.MASONRY_WORKSHOP.TOOLTIP,,This workshop produces most items made out of stone.,Эта мастерская производит большинство изделий из камня.
ROOMS.MUSHROOM_FARM,,Mushroom farm,Грибная ферма
ROOMS.MUSHROOM_FARM.TOOLTIP,,Mushrooms can be grown using {{INGREDIENT.MUSHROOM.SPAWN.NOUN}} and wooden {{RESOURCE.LOGS.PLURAL}}.,Грибы выращивают из грибницы ({{INGREDIENT.MUSHROOM.SPAWN.NOUN}}) на бревнах ({{RESOURCE.LOGS.PLURAL}}).
ROOMS.SAWMILL,,Sawmill,Лесопилка
ROOMS.SAWMILL.TOOLTIP,,Wooden {{RESOURCE.LOGS.PLURAL}} are refined into {{RESOURCE.PLANKS.PLURAL}} here.,Здесь {{RESOURCE.LOGS.PLURAL}} распиливают на {{RESOURCE.PLANKS.PLURAL}}.
ROOMS.SMELTERY,,Smeltery,Плавильня
ROOMS.SMELTERY.TOOLTIP,,Metallic ore is refined into usable ingots here.,Здесь металлическую руду переплавляют в слитки.
ROOMS.SMITHY,,Smithy,Кузница
ROOMS.SMITHY.TOOLTIP,,Used to craft metal tools.,Здесь куют металлические инструменты.
ROOMS.STOCKPILE,,Stockpile,Склад
ROOMS.STOCKPILE.TOOLTIP,,This area stores different kinds of items depending on settings.,Здесь хранятся разные предметы в зависимости от настроек.
ROOMS.STOCKPILES,,Stockpiles,Склады
ROOMS.STOCKPILES.TOOLTIP,,Unused items are placed in stockpiles for easy access.,Неиспользованные предметы помещаются на склады для облегчения доступа.
ROOMS.STOCKPILE_WITH_GROUP_NAME,,{{stockpileGroupName}} {{roomTypeName}},{{roomTypeName}}: {{stockpileGroupName}}
ROOMS.TEXTILE_WORKSHOP,,Textile workshop,Ткацкая мастерская
ROOMS.TEXTILE_WORKSHOP.TOOLTIP,,Processes {{SEED.HEMP_SEED}} into textiles for a variety of uses.,Здесь из сырья ({{SEED.HEMP_SEED}}) делают ткани для разных нужд.
ROOMS.TRADING_DEPOT,,Trading depot,Торговый склад
ROOMS.TRADING_DEPOT.TOOLTIP,,Buy and sell items with visiting merchants.,Здесь идет торговля с заезжими торговцами.

ROPE.AGED_ROPE,,Aged,Потертая веревка
ROPE.AGED_ROPE.NOUN,,,Потертая веревка
ROPE.AGED_ROPE.ADJECTIVE,,,потертого вида
ROPE.BRONZED_ROPE,,Bronzed,Бронзовая веревка
ROPE.BRONZED_ROPE.NOUN,,,Бронзовая веревка
ROPE.BRONZED_ROPE.ADJECTIVE,,,бронзового цвета
ROPE.GRAY_ROPE,,Gray,Серая веревка
ROPE.GRAY_ROPE.NOUN,,,Серая веревка
ROPE.GRAY_ROPE.ADJECTIVE,,,серого цвета
ROPE.HEMP-ROPE,,Hemp,Пенька
ROPE.HEMP-ROPE.NOUN,,,Пенька
ROPE.HEMP-ROPE.ADJECTIVE,,,из пеньки
ROPE.TOBACCO_ROPE,Just to describe a light colour,Light,Светлая веревка
ROPE.TOBACCO_ROPE.NOUN,,,Светлая веревка
ROPE.TOBACCO_ROPE.ADJECTIVE,,,светлого цвета

RUSTED_SCRAP.NOUN,,Scrap,Лом
RUSTED_SCRAP.TOOLTIP,,These are the remains of an item that has completed corroded due to rust.,"Остатки предмета, который полностью проржавел."

SEASON.AUTUMN,,Autumn,Осень
SEASON.SPRING,,Spring,Весна
SEASON.SUMMER,,Summer,Лето
SEASON.WINTER,,Winter,Зима

SEED.BARLEY_SEED,,Barley,Ячмень
SEED.BARLEY_SEED.NOUN,,,Ячмень
SEED.BARLEY_SEED.ADJECTIVE,,,ячменя
SEED.BARLEY_SEED.TOOLTIP,{{VEGETABLE.BARLEY.TOOLTIP}},"A grain used only in the production of beer. Can be planted in {{SEASON.SPRING}}, {{SEASON.SUMMER}} or {{SEASON.AUTUMN}}.","Зерно, которое идет только на пиво. Сезоны посадки: {{SEASON.SPRING}}, {{SEASON.SUMMER}}, {{SEASON.AUTUMN}}."
SEED.BERSERKER_MUSHROOM_SPAWN,,Berserker,Мухомор
SEED.BERSERKER_MUSHROOM_SPAWN.NOUN,,,Мухомор
SEED.BERSERKER_MUSHROOM_SPAWN.ADJECTIVE,,,мухомора
SEED.BERSERKER_MUSHROOM_SPAWN.TOOLTIP,{{VEGETABLE.BERSERKER_MUSHROOM.TOOLTIP}},A mushroom with a pink-red cap bearing white spots. It has hallucinogenic properties which warriors sometimes use in preparation for battle.,"Гриб с розово-красной шляпкой в белых пятнах. Обладает галлюциногенными свойствами, и воины иногда едят его перед боем."
SEED.CARROT_SEED,,Carrot,Морковь
SEED.CARROT_SEED.NOUN,,,Морковь
SEED.CARROT_SEED.ADJECTIVE,,,моркови
SEED.CARROT_SEED.TOOLTIP,{{VEGETABLE.CARROT.TOOLTIP}},"A hardy root vegetable that survives the {{SEASON.WINTER}} frost. Carrots grow quickly but only produce a small crop. Can be planted in {{SEASON.SPRING}}, {{SEASON.SUMMER}} or {{SEASON.AUTUMN}}.","Выносливый корнеплод, который не боится морозов (сезон «{{SEASON.WINTER}}» ему не страшен). Морковь растет быстро, но урожай небольшой. Сезоны посадки: {{SEASON.SPRING}}, {{SEASON.SUMMER}}, {{SEASON.AUTUMN}}."
SEED.CORN_SEED,,Corn,Кукуруза
SEED.CORN_SEED.NOUN,,,Кукуруза
SEED.CORN_SEED.ADJECTIVE,,,кукурузы
SEED.CORN_SEED.TOOLTIP,{{VEGETABLE.CORN.TOOLTIP}},"A cereal grain also known as maize. It produces a bountiful crop but takes around 2 seasons to grow and can not survive {{SEASON.WINTER}}, so it requires planting in early {{SEASON.SPRING}}.","Злак, который еще называют маисом. Дает обильный урожай, но растет около двух сезонов и не переживает зиму ({{SEASON.WINTER}}), поэтому сажать ее нужно в начале сезона «{{SEASON.SPRING}}»."
SEED.DEATH_CAP_SPAWN,,Death cap,Бледная поганка
SEED.DEATH_CAP_SPAWN.NOUN,,,Бледная поганка
SEED.DEATH_CAP_SPAWN.ADJECTIVE,,,бледной поганки
SEED.DEATH_CAP_SPAWN.TOOLTIP,{{VEGETABLE.DEATH_CAP_MUSHROOM.TOOLTIP}},"A very poisonous mushroom with a wide, flat cap. Eating even a tiny amount will almost certainly cause poisoning which can lead to death.","Очень ядовитый гриб с широкой плоской шляпкой. Даже крошечный кусочек почти наверняка вызовет отравление, которое может закончиться смертью."
SEED.ELFSBANE_SPAWN,,Elfsbane,Эльфомор
SEED.ELFSBANE_SPAWN.NOUN,,,Эльфомор
SEED.ELFSBANE_SPAWN.ADJECTIVE,,,эльфомора
SEED.ELFSBANE_SPAWN.TOOLTIP,{{VEGETABLE.ELFSBANE_MUSHROOM.TOOLTIP}},"This mushroom has a simple, flavourless taste to most humanoids. Strangely, it tastes absolutely disgusting to elves, who often react with explosive vomiting upon consumption, or in extreme cases, a heart attack.","Для большинства гуманоидов у этого гриба простой пресный вкус. Как ни странно, эльфам он кажется совершенно отвратительным: их часто рвет, а в крайних случаях случается сердечный приступ."
SEED.FIST_SPAWN,,Fist,Кулаковик
SEED.FIST_SPAWN.NOUN,,,Кулаковик
SEED.FIST_SPAWN.ADJECTIVE,,,кулаковика
SEED.FIST_SPAWN.TOOLTIP,{{VEGETABLE.FIST_MUSHROOM.TOOLTIP}},A black-blue mushroom with a metallic taste. It is named for a group of bards from the age of darkness.,Черно-синий гриб с металлическим вкусом. Назван в честь группы бардов из эпохи Тьмы.
SEED.GLOW_SPAWN,,Glow,Светогриб
SEED.GLOW_SPAWN.NOUN,,,Светогриб
SEED.GLOW_SPAWN.ADJECTIVE,,,светогриба
SEED.GLOW_SPAWN.TOOLTIP,{{VEGETABLE.GLOW_MUSHROOM.TOOLTIP}},A magic-infused mushroom that gives off light and changes colour with the seasons.,"Волшебный гриб, который светится и меняет цвет в зависимости от сезона."
SEED.HEMP_SEED,,Hemp,Конопля
SEED.HEMP_SEED.NOUN,,,Конопля
SEED.HEMP_SEED.ADJECTIVE,,,конопли
SEED.HEMP_SEED.TOOLTIP,,Used to produce rope and fabric after it hsa been processed.,После обработки из нее делают веревку и ткань.
SEED.HOPS_SEED,,Hops,Хмель
SEED.HOPS_SEED.NOUN,,,Хмель
SEED.HOPS_SEED.ADJECTIVE,,,хмеля
SEED.HOPS_SEED.TOOLTIP,{{VEGETABLE.HOPS.TOOLTIP}},A flower used for the flavouring of beer. Must be planted in {{SEASON.SPRING}}.,"Цветок, который придает пиву вкус. Сезон посадки: {{SEASON.SPRING}}."
SEED.MILTONIA_SPAWN,,Miltonia,Мильтония
SEED.MILTONIA_SPAWN.NOUN,,,Мильтония
SEED.MILTONIA_SPAWN.ADJECTIVE,,,мильтонии
SEED.MILTONIA_SPAWN.TOOLTIP,{{VEGETABLE.MILTONIA_MUSHROOM.TOOLTIP}},"Once thought to exist only in the Hudds region, it is now found throughout the world.","Когда-то считалось, что она растет только в регионе Хаддс, но теперь встречается по всему миру."
SEED.POTATO_SEED,,Potato,Картофель
SEED.POTATO_SEED.NOUN,,,Картофель
SEED.POTATO_SEED.ADJECTIVE,,,картофеля
SEED.POTATO_SEED.TOOLTIP,{{VEGETABLE.POTATO.TOOLTIP}},"A starchy root vegetable which can survive {{SEASON.WINTER}} making it a good choice for most settlements. Can be planted in {{SEASON.SPRING}}, {{SEASON.SUMMER}} or {{SEASON.AUTUMN}}.","Крахмалистый корнеплод, который переживает зиму ({{SEASON.WINTER}}), поэтому подходит большинству поселений. Сезоны посадки: {{SEASON.SPRING}}, {{SEASON.SUMMER}}, {{SEASON.AUTUMN}}."
SEED.PURPLE_HELMET_SPAWN,,Purple helmet,Пурпурошлемник
SEED.PURPLE_HELMET_SPAWN.NOUN,,,Пурпурошлемник
SEED.PURPLE_HELMET_SPAWN.ADJECTIVE,,,пурпурошлемника
SEED.PURPLE_HELMET_SPAWN.TOOLTIP,{{VEGETABLE.PURPLE_HELMET_MUSHROOM.TOOLTIP}},"Fat Hat, Plump Turban, Puffy Helmet; This fabled mushroom goes by many names. Legend holds that long ago, many communities of dwarves subsisted entirely on a domesticated strain of this fungus.","Толстошляп, Пухлый тюрбан, Пышный шлем - у этого легендарного гриба много имен. Говорят, давным-давно многие общины гномов питались только одомашненной разновидностью этого гриба."
SEED.ROCIOMYCOTA_MUSHROOM_SPAWN,,Rociomycota,Роциомикота
SEED.ROCIOMYCOTA_MUSHROOM_SPAWN.NOUN,,,Роциомикота
SEED.ROCIOMYCOTA_MUSHROOM_SPAWN.ADJECTIVE,,,роциомикоты
SEED.ROCIOMYCOTA_MUSHROOM_SPAWN.TOOLTIP,{{VEGETABLE.ROCIOMYCOTA_MUSHROOM.TOOLTIP}},A white and black spotted mushroom. It has been known to affect the appearance of those who ingest it.,"Гриб в бело-черных пятнах. Известно, что он меняет внешность тех, кто его съест."
SEED.SUNGLOW_SPAWN,,Sunglow,Солнцецвет
SEED.SUNGLOW_SPAWN.NOUN,,,Солнцецвет
SEED.SUNGLOW_SPAWN.ADJECTIVE,,,солнцецвета
SEED.SUNGLOW_SPAWN.TOOLTIP,{{VEGETABLE.SUNGLOW_MUSHROOM.TOOLTIP}},A bright yellow mushroom which glows with the appearance of sunlight. It loses this glow the moment it is harvested.,"Ярко-желтый гриб, который светится, словно солнце. Свечение пропадает в момент сбора."
SEED.SYRUP_POWDER_SPAWN,,Syrup powder,Сиропник
SEED.SYRUP_POWDER_SPAWN.NOUN,,,Сиропник
SEED.SYRUP_POWDER_SPAWN.ADJECTIVE,,,сиропника
SEED.SYRUP_POWDER_SPAWN.TOOLTIP,{{VEGETABLE.SYRUP_POWDER_MUSHROOM.TOOLTIP}},"A round orange/yellow mushroom with a white underside. It is said to have been used by mages long ago, but for what purpose, nobody knows.","Круглый оранжево-желтый гриб с белой нижней стороной. Говорят, давным-давно им пользовались маги, но для чего - никто не знает."
SEED.TOMATO_SEED,,Tomato,Помидоры
SEED.TOMATO_SEED.NOUN,,,Помидоры
SEED.TOMATO_SEED.ADJECTIVE,,,помидоров
SEED.TOMATO_SEED.TOOLTIP,{{VEGETABLE.TOMATO.TOOLTIP}},A plant which grows large red berries often used as a vegetable. Can only be planted in {{SEASON.SPRING}}.,"Растение с крупными красными ягодами, которые обычно едят как овощ. Сезон посадки: только {{SEASON.SPRING}}."
SEED.WHEAT_SEED,,Wheat,Пшеница
SEED.WHEAT_SEED.NOUN,,,Пшеница
SEED.WHEAT_SEED.ADJECTIVE,,,пшеницы
SEED.WHEAT_SEED.TOOLTIP,{{VEGETABLE.WHEAT.TOOLTIP}},"A cereal grain generally used for the production of bread. It can survive {{SEASON.WINTER}} but takes a while to grow, so it is either planted in {{SEASON.SPRING}} or {{SEASON.AUTUMN}}.","Злак, из которого обычно пекут хлеб. Переживает зиму ({{SEASON.WINTER}}), но растет долго, поэтому ее сажают в сезоны: {{SEASON.SPRING}} или {{SEASON.AUTUMN}}."

SHRUB.DESCRIPTION,Shrub or bush should do,Bush,Куст

SKILL.ARCHERY.FEMALE_NOUN,,Archer,Лучница
SKILL.ARCHERY.MALE_NOUN,,Archer,Лучник
SKILL.ARCHERY.TOOLTIP,,Skill with the bow,Владение луком
SKILL.AXES.FEMALE_NOUN,,Axewoman,Топорщица
SKILL.AXES.MALE_NOUN,,Axeman,Топорщик
SKILL.AXES.TOOLTIP,,Skill with axes,Владение топорами
SKILL.CROSSBOWS.FEMALE_NOUN,,Arbalist,Арбалетчица
SKILL.CROSSBOWS.MALE_NOUN,,Arbalist,Арбалетчик
SKILL.CROSSBOWS.TOOLTIP,,Skill with the crossbow,Владение арбалетом
SKILL.MACES.FEMALE_NOUN,,Hammerer,Молотобоица
SKILL.MACES.MALE_NOUN,,Hammerer,Молотобоец
SKILL.MACES.TOOLTIP,,Skill with hammers and maces,Владение молотами и булавами
SKILL.SWORDSMANSHIP.FEMALE_NOUN,,Swordswoman,Мечница
SKILL.SWORDSMANSHIP.MALE_NOUN,,Swordsman,Мечник
SKILL.SWORDSMANSHIP.TOOLTIP,,Skill with the sword,Владение мечом
SKILL.UNARMED_COMBAT.FEMALE_NOUN,,Brawler,Кулачная бойчиха
SKILL.UNARMED_COMBAT.MALE_NOUN,,Brawler,Кулачный боец
SKILL.UNARMED_COMBAT.TOOLTIP,,Skill in unarmed combat,Рукопашный бой

SKIN.BOAR_HIDE,,Boar,Кабан
SKIN.BOAR_HIDE.NOUN,,,Кабан
SKIN.BOAR_HIDE.ADJECTIVE,,,кабана
SKIN.DEER_HIDE,,Deer,Олень
SKIN.DEER_HIDE.NOUN,,,Олень
SKIN.DEER_HIDE.ADJECTIVE,,,оленя
SKIN.DWARF_HIDE,,Dwarf,Гном
SKIN.DWARF_HIDE.NOUN,,,Гном
SKIN.DWARF_HIDE.ADJECTIVE,,,гнома
SKIN.ELEPHANT_HIDE,,Elephant,Слон
SKIN.ELEPHANT_HIDE.NOUN,,,Слон
SKIN.ELEPHANT_HIDE.ADJECTIVE,,,слона
SKIN.HORSE_HIDE,,Horse,Лошадь
SKIN.HORSE_HIDE.NOUN,,,Лошадь
SKIN.HORSE_HIDE.ADJECTIVE,,,лошади

STATUS.ALCOHOL_WITHDRAWL,,Alcohol withdrawl,Тяжело без выпивки
STATUS.BLEEDING,,Bleeding,"Кровотечение "
STATUS.BLINDED,,Blind,Слепота
STATUS.DEATH,,Dead,Мертв
STATUS.DRUNK,,Drunk,Опьянение
STATUS.DYING_OF_HUNGER,,Dying of hunger,Умирает от голода
STATUS.DYING_OF_THIRST,,Dying of thirst,Умирает от жажды
STATUS.EXHAUSTED,,Exhausted,Изнеможение
STATUS.INTERNAL_BLEEDING,,Internal bleeding,Внутреннее кровотечение
STATUS.KNOCKED_UNCONSCIOUS,,Unconscious,Без сознания
STATUS.LOSS_MAIN_HAND,,Loss of main hand,Потеря основной руки
STATUS.LOSS_OFF_HAND,,Loss of off hand,Потеря второй руки
STATUS.MOVEMENT_IMPAIRED,,Impaired movement,Затруднено движение
STATUS.ON_FIRE,,On fire,Горит
STATUS.POISONED,,Poisoned,Отравлен
STATUS.TEMPORARILY_BLINDED,,Temporarily blinded,Временная слепота
STATUS.VERY_HUNGRY,,Very hungry,Сильный голод
STATUS.VERY_THIRSTY,,Very thirsty,Сильная жажда

STOCKPILE.GROUP.FOOD,,Food,Еда
STOCKPILE.GROUP.FOOD.TOOLTIP,,Stores harvested fruit and vegetables which can expire.,"Хранит собранные фрукты и овощи, которые могут испортиться."
STOCKPILE.GROUP.FUEL,,Fuel,Топливо
STOCKPILE.GROUP.GRANARY,,Granary,Амбар
STOCKPILE.GROUP.GRANARY.TOOLTIP,,Stores grains and seeds which will not expire.,"Хранит зерно и семена, которые не портятся."
STOCKPILE.GROUP.PRODUCTS,,Products,Продукты
STOCKPILE.GROUP.RAW_MATERIALS,,Raw materials,Сырье
STOCKPILE.GROUP.SEEDS,,Seeds,Семена
STOCKPILE.GROUP.TOOLS,,Tools,Инструменты
STOCKPILE.GROUP.TOOLS.TOOLTIP,,Stores tools required for working on jobs.,Хранит инструменты для работы.
STOCKPILE.GROUP.TREASURE,,Treasure,Сокровища
STOCKPILE.GROUP.WEAPONS,,Weapons,Оружие
STOCKPILE.GROUP.WEAPONS.TOOLTIP,,Stores harvested fruit and vegetables which can expire.,Хранит оружие.

STONE.BASALT.ADJECTIVE,,Basalt,из базальта
STONE.BASALT.NOUN,,Basalt,Базальт
STONE.BASALT.TOOLTIP,,An igneous rock formed by the rapid cooling of lava. Almost all of the volcanic rock in the world is basalt.,"Вулканический камень, образованный быстрым охлаждением лавы. Почти вся вулканическая порода в мире является базальтом."
STONE.DOLOSTONE.ADJECTIVE,,Dolostone,из доломита
STONE.DOLOSTONE.NOUN,,Dolostone,Доломит
STONE.DOLOSTONE.TOOLTIP,,"A sedimentary rock mostly made up of the mineral dolomite, so it is also known as dolomite rock.","Осадочная порода, состоящая в основном из доломита, поэтому она также известна как доломитовая порода."
STONE.FRONITE.ADJECTIVE,,Frónite,из фронита
STONE.FRONITE.NOUN,,Frónite,Фронит
STONE.FRONITE.TOOLTIP,,A blue-hued rock mostly found on an icy island to the north. It has a high iron content.,"Камень голубого цвета, в основном встречается на ледяном острове на севере. Содержит много железа."
STONE.GRANITE.ADJECTIVE,,Granite,из гранита
STONE.GRANITE.NOUN,,Granite,Гранит
STONE.GRANITE.TOOLTIP,,"A common type of igneous rock. It has a large proportion of quartz, making it good for locating certain gemstones.","Обычная вулканическая порода. Она содержит много кварца, что делает её хорошим маркером для обнаружения некоторых драгоценных камней."
STONE.LIMESTONE.ADJECTIVE,,Limestone,из известняка
STONE.LIMESTONE.NOUN,,Limestone,Известняк
STONE.LIMESTONE.TOOLTIP,,A lightly-coloured sedimentary rock which makes for a good building material. It is also used as a flux in the production of {{METAL.STEEL.NOUN}}.,"Светлая осадочная порода, хороший строительный материал. Также служит флюсом при выплавке металла «{{METAL.STEEL.NOUN}}»."
STONE.MARBLE.ADJECTIVE,,Marble,из мрамора
STONE.MARBLE.NOUN,,Marble,Мрамор
STONE.MARBLE.TOOLTIP,,A metamorphic rock which is used as a high-quality material for sculpture and masonry due to its brilliant appearance.,Метаморфическая порода. Благодаря красивому блеску это высококачественный материал для скульптуры и кладки.
STONE.SANDSTONE.ADJECTIVE,,Sandstone,из песчаника
STONE.SANDSTONE.NOUN,,Sandstone,Песчаник
STONE.SANDSTONE.TOOLTIP,,"A sedimentary rock composed of sand-like fragments. ","Осадочная порода, состоящая из песчаных фрагментов."
STONE.SHALE.ADJECTIVE,,Shale,из глинистого сланца
STONE.SHALE.NOUN,,Shale,Глинистый сланец
STONE.SHALE.TOOLTIP,,A fine-grained sedimentary rock composed of pressurized mud. It can be easily broken into thin layers.,"Мелкозернистая осадочная порода, состоящая из спрессованного ила. Ее можно легко разбить на тонкие слои."
STONE.SLATE.ADJECTIVE,,Slate,из аспидного сланца
STONE.SLATE.NOUN,,Slate,Аспидный сланец
STONE.SLATE.TOOLTIP,,A metamorphic rock that is usually formed out of {{STONE.SHALE.NOUN}}. It is often made into tiles for roofing or writing.,"Метаморфическая порода, которая обычно образуется из породы «{{STONE.SHALE.NOUN}}». Из нее часто делают черепицу для крыш и грифельные доски."

TOOL.AXE.NOUN,,Axe,Топор
TOOL.AXE.PLURAL,,Axes,Топоры
TOOL.AXE.TOOLTIP,,Used to chop down trees. The primary tool of a {{PROFESSION.WOODCUTTER}}.,Для рубки деревьев. Основной инструмент профессии «{{PROFESSION.WOODCUTTER}}».
TOOL.CHISEL.NOUN,,Chisel,Долото
TOOL.CHISEL.PLURAL,,Chisels,Долота
TOOL.CHISEL.TOOLTIP,,Used to sculpt rock into shape. One of the tools used by a {{PROFESSION.STONEMASON}}.,Для обработки камня. Один из инструментов профессии «{{PROFESSION.STONEMASON}}».
TOOL.FISHING.ROD.NOUN,,Fishing rod,Удочка
TOOL.FISHING.ROD.PLURAL,,Fishing rods,Удочки
TOOL.FISHING.ROD.TOOLTIP,,Used to catch fish from a body of water. The primary tool of a {{PROFESSION.FISHER}}.,Для ловли рыбы в водоемах. Основной инструмент профессии «{{PROFESSION.FISHER}}».
TOOL.KITCHEN.KNIFE.NOUN,,Kitchen knife,Кухонный нож
TOOL.KITCHEN.KNIFE.PLURAL,,Kitchen knives,Кухонные ножи
TOOL.KITCHEN.KNIFE.TOOLTIP,,"Used to prepare food, particularly meat.","Для приготовления еды, особенно мяса."
TOOL.LARGE.HAMMER.NOUN,,Large hammer,Кувалда
TOOL.LARGE.HAMMER.PLURAL,,Large hammers,Кувалды
TOOL.LARGE.HAMMER.TOOLTIP,,Used to bash large items of stone and metal into shape. The primary tool of a {{PROFESSION.BLACKSMITH}}.,Чтобы придавать форму крупным изделиям из камня и металла. Основной инструмент профессии «{{PROFESSION.BLACKSMITH}}».
TOOL.PICKAXE.NOUN,,Pickaxe,Кирка
TOOL.PICKAXE.PLURAL,,Pickaxes,Кирки
TOOL.PICKAXE.TOOLTIP,,Used to break stone into smaller pieces. The primary tool of a {{PROFESSION.MiNER}}.,Чтобы раскалывать камень. Основной инструмент профессии «{{PROFESSION.MiNER}}».
TOOL.PLANE.NOUN,A carpenter's plane,Plane,Рубанок
TOOL.PLANE.PLURAL,A carpenter's plane,Planes,Рубанки
TOOL.PLANE.TOOLTIP,,Used to shave wooden furniture and items into shape. The primary tool of a {{PROFESSION.CARPENTER}}.,Чтобы обстругивать деревянную мебель и изделия. Основной инструмент профессии «{{PROFESSION.CARPENTER}}».
TOOL.ROLLING.PIN.NOUN,,Rolling pin,Скалка
TOOL.ROLLING.PIN.PLURAL,,Rolling pins,Скалки
TOOL.ROLLING.PIN.TOOLTIP,,Used to prepare dough. One of the tools used by a {{PROFESSION.CHEF}}.,Чтобы раскатывать тесто. Один из инструментов профессии «{{PROFESSION.CHEF}}».
TOOL.SAW.NOUN,A carpenter's saw,Saw,Пила
TOOL.SAW.PLURAL,A carpenter's saw,Saws,Пилы
TOOL.SAW.TOOLTIP,,Used to cut wood into shape. Required for cutting lumber in the {{ROOMS.SAWMILL}}.,Чтобы пилить дерево. Нужна для распила в помещении «{{ROOMS.SAWMILL}}».
TOOL.SMALL.HAMMER.NOUN,,Hammer,Молоток
TOOL.SMALL.HAMMER.PLURAL,,Hammers,Молотки
TOOL.SMALL.HAMMER.TOOLTIP,,Used to bash small items of stone and metal into shape. One of the tools used by a {{PROFESSION.BLACKSMITH}}.,Чтобы придавать форму мелким изделиям из камня и металла. Один из инструментов профессии «{{PROFESSION.BLACKSMITH}}».
TOOL.TONGS.NOUN,A blacksmith's tongs,Tongs,Клещи
TOOL.TONGS.PLURAL,A blacksmith's tongs,Sets of tongs,Клещи
TOOL.TONGS.TOOLTIP,,Used to hold extremely hot metal items. Used in the process of smelting metal ore.,Чтобы держать раскаленный металл. Нужны при выплавке металла из руды.

TREASURE.COIN.NOUN,,Coin,Монета
TREASURE.COIN.PLURAL,,Coins,Монеты
TREASURE.COIN.TOOLTIP,,Minted coins used as a form of currency for trading.,"Отчеканенные монеты, которые служат деньгами в торговле."
TREASURE.GEM.NOUN,,Gem,Самоцвет
TREASURE.GEM.PLURAL,,Gems,Самоцветы
TREASURE.GEM.TOOLTIP,,Gems that have been cut and polished to enhance their beauty. Most commonly used as ornamentation.,Ограненные и отполированные самоцветы. Чаще всего служат украшением.

TREE.DESCRIPTION,E.g. “Oak tree”,{{materialType.noun}} tree,{{materialType.noun}}

TUTORIAL.COMPLETED.A,,This covers the basics of playing.,Это были основы игры.
TUTORIAL.COMPLETED.B,,"You should aim to set up a functioning {{ROOMS.SMITHY}} with a {{FURNITURE.FORGE}} provided with fuel and refined metal ore, to produce metal items.","Следующая цель: построить «{{ROOMS.SMITHY}}», где «{{FURNITURE.FORGE}}» обеспечен топливом и выплавленным металлом, чтобы делать металлические предметы."
TUTORIAL.COMPLETED.C,,"Also, you should move your settlement underground or at least build a roof overhead to protect your Settlers and iron items from the weather.","Кроме того, стоит перенести поселение под землю или хотя бы построить крышу, чтобы защитить поселенцев и железные предметы от погоды."
TUTORIAL.COMPLETED.D,,Good luck!,Удачи!
TUTORIAL.CRAFTING.A,,Rooms with furniture that produce items are controlled using Import and Export Pallets.,"Комнатами с мебелью, которая производит предметы, управляют с помощью поддонов импорта и экспорта."
TUTORIAL.CRAFTING.B,,Place at least one Import Pallet and Export Pallet in both the Sawmill and Masonry Workshop.,"Поставьте хотя бы по одному поддону импорта и экспорта и на лесопилке, и в мастерской каменщика."
TUTORIAL.CRAFTING.C,,"Also, place a Products Stockpile which will hold the items that are produced.","Кроме того, разместите склад продуктов, где будут храниться изготовленные предметы."
TUTORIAL.CRAFTING_SELECTION.A,,Select each Import and Export Pallet and select the item to be imported or exported from the room.,"Выберите каждый поддон импорта и экспорта и укажите, какой предмет приносить в комнату или выносить из нее."
TUTORIAL.CRAFTING_SELECTION.B,,"In the Sawmill, import Logs and export Planks.","На лесопилке: импорт - бревна, экспорт - доски."
TUTORIAL.CRAFTING_SELECTION.C,,"In the Masonry Workshop, import Rough stone boulders and export Blocks.","В мастерской каменщика: импорт - грубые валуны, экспорт - блоки."
TUTORIAL.DISMISS_DIALOG.CONFIRM_TEXT,,Dismiss Tutorial,Завершить обучение
TUTORIAL.DISMISS_DIALOG.DESCRIPTION,,Are you sure you want to end the tutorial?,Вы действительно хотите завершить обучение?
TUTORIAL.DISMISS_DIALOG.TITLE,,End Tutorial?,Завершить обучение?
TUTORIAL.FARMING.A,,Click on Rooms and select Farm Plot. They are listed alphabetically.,Нажмите «Комнаты» и выберите «Огород». Комнаты перечислены по алфавиту.
TUTORIAL.FARMING.B,,Drag out 4 separate Farm Plots in a grassy area.,Растяните 4 отдельных огорода на травянистом участке.
TUTORIAL.FARMING_2.A,,Click on each Farm Plot and select a Crop to be planted.,Нажмите на каждый огород и выберите культуру для посадки.
TUTORIAL.FARMING_2.A.STEAMDECK,,Press R2 on each Farm Plot and select a Crop to be planted.,Нажмите R2 на каждом огороде и выберите культуру для посадки.
TUTORIAL.FARMING_2.B,,"Skip Hemp, Barley and Hops for now as these are are used for Textiles and Brewing.","Коноплю, ячмень и хмель пока пропустите: они нужны для тканей и пивоварения."
TUTORIAL.FEASTING_HALL.A,,Settlers eat in the Feasting Hall.,Поселенцы едят в трапезной.
TUTORIAL.FEASTING_HALL.B,,The Cauldron furniture for the Feasting Hall is only completed when a Cauldron containing soup is available.,"Котел в трапезной считается готовым, только когда в нем есть суп."
TUTORIAL.FEASTING_HALL.C,,Select Rooms and place a Feasting Hall. Mark a Cauldron to be placed in the Feasting Hall later.,Выберите «Комнаты» и разместите трапезную. Отметьте место для котла - его поставят позже.
TUTORIAL.FOOD_COMPLETE.A,,This simple setup will ensure your Settlers have food once the crops are harvested later in the year.,"Этого простого хозяйства хватит, чтобы у поселенцев была еда, когда позже в этом году соберут урожай."
TUTORIAL.FOOD_COMPLETE.B,,You can also fish from the river or hunt animals once you have set up a military to provide more food.,"Еще можно ловить рыбу в реке или, собрав войско, охотиться на животных."
TUTORIAL.KITCHEN.A,,Crops are harvested in Autumn and should be stored in a Food Stockpile.,"Урожай собирают осенью, и хранить его нужно на продуктовом складе."
TUTORIAL.KITCHEN.B,,To get the most from your crops it is best to produce soup from vegetables or bake bread from grain.,"Чтобы урожай давал больше всего пользы, лучше варить суп из овощей или печь хлеб из зерна."
TUTORIAL.KITCHEN.C,,"Select Rooms and place a Kitchen. Unlike Farm Plots, most rooms need furniture to function.","Выберите «Комнаты» и разместите кухню. В отличие от огородов, большинству комнат для работы нужна мебель."
TUTORIAL.MAIN_VIEW.A,,The controls in the lower-left corner of the screen are the main way of interacting with the game.,Кнопки в левом нижнем углу экрана - главный способ управлять игрой.
TUTORIAL.MAIN_VIEW.B,,"You can assign orders, queue rooms and furniture to be created, and also adjust the priority of tasks.","С их помощью можно отдавать приказы, ставить в очередь комнаты и мебель, а также менять приоритеты задач."
TUTORIAL.MAIN_VIEW.C,,You can right-click to go back to a previous menu or clear the current selection.,Правая кнопка мыши возвращает в предыдущее меню или снимает выделение.
TUTORIAL.MAIN_VIEW.C.STEAMDECK,,You can press L2 to go back to a previous menu or clear the current selection.,Кнопка L2 возвращает в предыдущее меню или снимает выделение.
TUTORIAL.MANAGEMENT_BUTTONS.DESCRIPTION,,The icons to the left of the time and date are various management and overview screens.,Значки слева от времени и даты открывают экраны управления и обзора.
TUTORIAL.MANAGEMENT_BUTTONS.RESOURCE_MANAGEMENT,,View the Resources management screen,Откройте экран управления ресурсами
TUTORIAL.MANAGEMENT_BUTTONS.SETTLER_MANAGEMENT,,View the Settlers management screen,Откройте экран управления поселенцами
TUTORIAL.MINIMAP.DESCRIPTION,,This is the Minimap.,Это миникарта.
TUTORIAL.MINIMAP.PROGRESS,,Click on the Minimap to jump to a location,"Нажмите на миникарту, чтобы перейти к месту"
TUTORIAL.MINIMAP.PROGRESS.STEAMDECK,,Press R2 with the cursor on the Minimap to jump to a location,"Наведите курсор на миникарту и нажмите R2, чтобы перейти к месту"
TUTORIAL.NEEDS.A,,"Settlers need Food, Drink and Sleep.","Поселенцам нужны еда, питье и сон."
TUTORIAL.NEEDS.B,,For now they can drink from the river and sleep on the ground.,Пока они могут пить из реки и спать на земле.
TUTORIAL.NEEDS.C,,However to eat they must grow crops.,"Но чтобы есть, им нужно выращивать урожай."
TUTORIAL.PROFESSIONS.A,,"Each Settler can have up to 3 Professions assigned, which determines which jobs they will do.","Каждому поселенцу можно назначить до 3 профессий. От них зависит, какую работу он будет делать."
TUTORIAL.PROFESSIONS.B,,You can select a Settler to view or change their professions. This can also be done from the Settlers Management screen.,"Выберите поселенца, чтобы посмотреть или изменить его профессии. Это можно сделать и на экране управления поселенцами."
TUTORIAL.PROFESSIONS.C,,Assign at least 4 Settlers as Farmers. Be sure to also keep some assigned as Haulers as they're responsible for moving items around.,Назначьте фермерами хотя бы 4 поселенцев. И обязательно оставьте кого-то разнорабочими: они переносят предметы.
TUTORIAL.PROGRESS_DESCRIPTION.FARM_PLOT_SELECTIONS,Used to show a progress indicator for how many farm plots have a crop selected e.g. 2 of 10 farm plots with a crop assigned,{{ROOMS.FARM.PLURAL}} with a crop assigned,{{ROOMS.FARM.PLURAL}} с выбранной культурой
TUTORIAL.PROGRESS_DESCRIPTION.PROFESSIONS_ASSIGNED,Used to show a progress indicator for how many of a certain profession have been assigned e.g. 2 of 10 farmers assigned,{{professionPlural}} assigned,Назначено: {{professionPlural}}
TUTORIAL.PROGRESS_DESCRIPTION.TEXT,Used to show a progress indicator in the form: 2 of 10 stone blocks,{{currentQuantity}} of {{requiredQuantity}} {{targetDescription}},{{currentQuantity}} из {{requiredQuantity}} {{targetDescription}}
TUTORIAL.PROGRESS_DESCRIPTION.TILES,Used to show a progress indicator for a certain number of tiles e.g. 2 of 10 farm plot tiles,{{roomName}} tiles,{{roomName}}: клетки
TUTORIAL.RESOURCES.A,,Many items are crafted out of Wooden Planks and Stone Blocks. It's important to maintain a steady supply of these.,"Многие предметы делают из досок и каменных блоков. Важно, чтобы их запас постоянно пополнялся."
TUTORIAL.RESOURCES.B,,Select Orders > Mine. Drag a selection over the mountain area to order your Miners to start mining.,"Выберите «Приказы» > «Копать» и выделите участок горы, чтобы шахтеры начали добычу."
TUTORIAL.RESOURCES.C,,Also select Orders > Chop. Drag a selection over a forested area to order your Woodcutters to start chopping trees.,"Еще выберите «Приказы» > «Рубить» и выделите участок леса, чтобы лесорубы начали валить деревья."
TUTORIAL.RESOURCE_COLLECTION.A,,"With all of this in place, your workshops will start producing Wooden Planks and Stone Blocks.","Когда все готово, мастерские начнут производить доски и каменные блоки."
TUTORIAL.RESOURCE_COLLECTION.B,,Continue until you have a reasonable supply of Planks and Blocks.,"Продолжайте, пока не наберется приличный запас досок и блоков."
TUTORIAL.SAVING.A,,Progress is saved automatically at midnight or when you exit the game.,"Прогресс сохраняется автоматически в полночь, а также при выходе из игры."
TUTORIAL.SAVING.A.STEAMDECK,,Progress is saved automatically at midnight each day.,Прогресс сохраняется автоматически каждый день в полночь.
TUTORIAL.SAVING.B,,You can also press F5 to Quicksave.,Еще можно нажать F5 для быстрого сохранения.
TUTORIAL.SAVING.B.STEAMDECK,,The game is also saved when you quit from the main menu.,Игра также сохраняется при выходе в главное меню.
TUTORIAL.SAVING.C,,Press F5 to Quicksave now,"Нажмите F5, чтобы быстро сохраниться сейчас"
TUTORIAL.SHOW_LABEL,,Show Tutorial,Показать обучение
TUTORIAL.START.CAMERA_CONTROLS_1,,Press the WASD keys to move the camera around,Клавиши WASD перемещают камеру
TUTORIAL.START.CAMERA_CONTROLS_1.STEAMDECK,,Use the Left Stick or D-Pad to move the camera around,Левый стик или крестовина перемещают камеру
TUTORIAL.START.CAMERA_CONTROLS_2,,Press Q & E or scroll the mouse wheel to zoom,Клавиши Q и E или колесо мыши меняют масштаб
TUTORIAL.START.CAMERA_CONTROLS_2.STEAMDECK,,Press L1 and R1 to zoom in and out,Кнопки L1 и R1 приближают и отдаляют камеру
TUTORIAL.START.INTRO_1,,Welcome to Mountaincore! This is an Early Access release with gameplay and features still in development.,Добро пожаловать в Mountaincore! Это версия раннего доступа: геймплей и возможности еще в разработке.
TUTORIAL.START.INTRO_2,,"Your intrepid band of dwarven settlers have chosen this area to found a new colony of their kingdom. Provide food, shelter and prosperity for them and who knows, maybe one day this will be the capital of a kingdom of its own!","Ваш отважный отряд гномов-поселенцев выбрал эти места, чтобы основать новую колонию своего королевства. Дайте им еду, кров и процветание - и кто знает, может, однажды здесь будет столица собственного королевства!"
TUTORIAL.STOCKPILES.A,,It is a good idea to place Stockpiles for your Settlers to place and share items.,"Стоит разместить склады, чтобы поселенцы складывали туда предметы и брали их оттуда."
TUTORIAL.STOCKPILES.B,,"Select Rooms and then select Stockpile, then Tools. Drag out a Tools Stockpile in a central location.","Выберите «Комнаты», затем «Склад» и «Инструменты». Растяните склад инструментов где-нибудь в центре."
TUTORIAL.TIME_AND_DATE.DESCRIPTION,,"You can view the current time, date, weather and control the game's speed here.","Здесь видны время, дата и погода, а также регулируется скорость игры."
TUTORIAL.TIME_AND_DATE.FAST_SPEED_STEP,,"Click the icons or press buttons 2, 3 and 4 for increasingly faster speeds","Нажимайте значки или клавиши 2, 3 и 4 для все более высокой скорости"
TUTORIAL.TIME_AND_DATE.FAST_SPEED_STEP.STEAMDECK,,Press R2 on the icons for increasingly faster speeds,Нажимайте R2 на значках для все более высокой скорости
TUTORIAL.TIME_AND_DATE.NORMAL_SPEED_STEP,,Click the icon or press 1 for normal speed,Нажмите значок или клавишу 1 для обычной скорости
TUTORIAL.TIME_AND_DATE.NORMAL_SPEED_STEP.STEAMDECK,,Press R2 over the icon for normal speed,Нажмите R2 на значке для обычной скорости
TUTORIAL.TIME_AND_DATE.PAUSE_STEP,,Press space to pause and unpause the game,Пробел ставит игру на паузу и снимает с нее
TUTORIAL.TIME_AND_DATE.PAUSE_STEP.STEAMDECK,,Press the A button to pause and unpause the game,Кнопка A ставит игру на паузу и снимает с нее
TUTORIAL.VIEW_MODES.DEFAULT_STEP,,Click the left-most button to return to the default view mode,"Нажмите крайнюю левую кнопку, чтобы вернуться к обычному виду"
TUTORIAL.VIEW_MODES.DEFAULT_STEP.STEAMDECK,,Press R2 on the left-most icon to return to the default view mode,"Нажмите R2 на крайнем левом значке, чтобы вернуться к обычному виду"
TUTORIAL.VIEW_MODES.DESCRIPTION,,Below the time and date are buttons to show different views overlaid onto the game world.,"Под временем и датой находятся кнопки режимов, которые накладывают на мир дополнительную информацию."
TUTORIAL.VIEW_MODES.OTHER_STEP,,Click one of the other view mode buttons,Нажмите любую другую кнопку режима
TUTORIAL.VIEW_MODES.OTHER_STEP.STEAMDECK,,Press R2 over one of the other view mode buttons,Нажмите R2 на любой другой кнопке режима
TUTORIAL.WORKSHOPS.A,,Wooden Planks are produced in a Sawmill by a Woodcutter. Stone Blocks are created in a Masonry Workshop by a Stonemason.,Доски делает лесоруб на лесопилке. Каменные блоки делает каменщик в мастерской каменщика.
TUTORIAL.WORKSHOPS.B,,Select Rooms and place a Sawmill and a Masonry Workshop. They both require a crafting station to be constructed.,Выберите «Комнаты» и разместите лесопилку и мастерскую каменщика. В обеих нужно построить рабочее место.
TUTORIAL.WORKSHOPS.C,,You can press the R key to Rotate most furniture.,Большую часть мебели можно повернуть клавишей R.
TUTORIAL.WORKSHOPS.C.STEAMDECK,,You can press the X button to Rotate most furniture.,Большую часть мебели можно повернуть кнопкой X.
TUTORIAL.WORKSHOPS.D,,Crafting stations have a Crafting button which shows what can be produced.,"У рабочих мест есть кнопка «Ремесло», которая показывает, что можно произвести."

VEGETABLE.BARLEY,,Barley,Ячмень
VEGETABLE.BARLEY.NOUN,,,Ячмень
VEGETABLE.BARLEY.ADJECTIVE,,,из ячменя
VEGETABLE.BARLEY.PLURAL,,Barley,Ячмень
VEGETABLE.BARLEY.TOOLTIP,,"A grain used only in the production of beer. Can be planted in {{SEASON.SPRING}}, {{SEASON.SUMMER}} or {{SEASON.AUTUMN}}.","Зерно, которое идет только на пиво. Сезоны посадки: {{SEASON.SPRING}}, {{SEASON.SUMMER}}, {{SEASON.AUTUMN}}."
VEGETABLE.BERSERKER_MUSHROOM,,Berserker mushroom,Мухомор
VEGETABLE.BERSERKER_MUSHROOM.PLURAL,,Berserker mushrooms,Мухоморы
VEGETABLE.BERSERKER_MUSHROOM.TOOLTIP,,A mushroom with a pink-red cap bearing white spots. It has hallucinogenic properties which warriors sometimes use in preparation for battle.,"Гриб с розово-красной шляпкой в белых пятнах. Обладает галлюциногенными свойствами, и воины иногда едят его перед боем."
VEGETABLE.CARROT,,Carrot,Морковь
VEGETABLE.CARROT.PLURAL,,Carrots,Морковь
VEGETABLE.CARROT.TOOLTIP,,"A hardy root vegetable that survives the {{SEASON.WINTER}} frost. Carrots grow quickly but only produce a small crop. Can be planted in {{SEASON.SPRING}}, {{SEASON.SUMMER}} or {{SEASON.AUTUMN}}.","Выносливый корнеплод, который не боится морозов (сезон «{{SEASON.WINTER}}» ему не страшен). Морковь растет быстро, но урожай небольшой. Сезоны посадки: {{SEASON.SPRING}}, {{SEASON.SUMMER}}, {{SEASON.AUTUMN}}."
VEGETABLE.CORN,,Sweetcorn,Кукуруза
VEGETABLE.CORN.NOUN,,,Кукуруза
VEGETABLE.CORN.ADJECTIVE,,,из кукурузы
VEGETABLE.CORN.PLURAL,,Sweetcorn,Кукуруза
VEGETABLE.CORN.TOOLTIP,,"A cereal grain also known as maize. It produces a bountiful crop but takes around 2 seasons to grow and can not survive {{SEASON.WINTER}}, so it requires planting in early {{SEASON.SPRING}}.","Злак, который еще называют маисом. Дает обильный урожай, но растет около двух сезонов и не переживает зиму ({{SEASON.WINTER}}), поэтому сажать ее нужно в начале сезона «{{SEASON.SPRING}}»."
VEGETABLE.DEATH_CAP_MUSHROOM,,Death cap mushroom,Бледная поганка
VEGETABLE.DEATH_CAP_MUSHROOM.PLURAL,,Death cap mushrooms,Бледные поганки
VEGETABLE.DEATH_CAP_MUSHROOM.TOOLTIP,,"A very poisonous mushroom with a wide, flat cap. Eating even a tiny amount will almost certainly cause poisoning which can lead to death.","Очень ядовитый гриб с широкой плоской шляпкой. Даже крошечный кусочек почти наверняка вызовет отравление, которое может закончиться смертью."
VEGETABLE.DRAGONFRUIT,,Dragonfruit,Питахайя
VEGETABLE.DRAGONFRUIT.PLURAL,,Dragonfruits,Питахайи
VEGETABLE.ELFSBANE_MUSHROOM,,Elfsbane mushroom,Эльфомор
VEGETABLE.ELFSBANE_MUSHROOM.PLURAL,,Elfsbane mushrooms,Эльфоморы
VEGETABLE.ELFSBANE_MUSHROOM.TOOLTIP,,"This mushroom has a simple, flavourless taste to most humanoids. Strangely, it tastes absolutely disgusting to elves, who often react with explosive vomiting upon consumption, or in extreme cases, a heart attack.","Этот гриб имеет простой, безвкусный вкус для большинства гуманоидов. Как ни странно, но он абсолютно отвратителен для эльфов, у которых часто вызывает рвоту, а в крайних случаях — сердечный приступ."
VEGETABLE.FIST_MUSHROOM,,Fist mushroom,Кулаковик
VEGETABLE.FIST_MUSHROOM.PLURAL,,Fist mushrooms,Кулаковики
VEGETABLE.FIST_MUSHROOM.TOOLTIP,,A black-blue mushroom with a metallic taste. It is named for a group of bards from the age of darkness.,Черно-синий гриб с металлическим вкусом. Он назван в честь группы бардов из эпохи Тьмы.
VEGETABLE.FOR_BEER.USAGE,,used in the brewing of {{LIQUID.BEER}},нужен для пивоварения ({{LIQUID.BEER}})
VEGETABLE.FUNGOLEM_MUSHROOM,,Fungolem mushroom meat,Мякоть грибоголема
VEGETABLE.FUNGOLEM_MUSHROOM.PLURAL,,Fungolem mushroom meat,Мякоть грибоголема
VEGETABLE.FUNGOLEM_MUSHROOM.TOOLTIP,,A tasteless fungus-like material harvested from the corpse of a fungolem.,"Безвкусная грибовидная масса, добытая из трупа грибоголема."
VEGETABLE.GLOW_MUSHROOM,,Glow mushroom,Светогриб
VEGETABLE.GLOW_MUSHROOM.PLURAL,,Glow mushrooms,Светогрибы
VEGETABLE.GLOW_MUSHROOM.TOOLTIP,,A magic-infused mushroom that gives off light and changes colour with the seasons.,"Волшебный гриб, который светится и меняет цвет в зависимости от сезона."
VEGETABLE.HEMP,,Hemp,Конопля
VEGETABLE.HEMP.NOUN,,,Конопля
VEGETABLE.HEMP.ADJECTIVE,,,из конопли
VEGETABLE.HEMP.PLURAL,,Hemp,Конопля
VEGETABLE.HEMP.TOOLTIP,,This is processed at the {{ROOMS.TEXTILE_WORKSHOP}} to a useful material.,Ее перерабатывают в полезный материал в помещении «{{ROOMS.TEXTILE_WORKSHOP}}».
VEGETABLE.HEMP.USAGE,,a material required to produce {{PRODUCT.LINEN}} in a {{ROOMS.TEXTILE_WORKSHOP}},сырье для материала «{{PRODUCT.LINEN}}» в помещении «{{ROOMS.TEXTILE_WORKSHOP}}»
VEGETABLE.HEMP_FIBRE,,Hemp fibre,Пеньковое волокно
VEGETABLE.HEMP_FIBRE.NOUN,,,Пеньковое волокно
VEGETABLE.HEMP_FIBRE.ADJECTIVE,,,из пенькового волокна
VEGETABLE.HEMP_FIBRE.PLURAL,,Hemp fibre,Пеньковое волокно
VEGETABLE.HOPS,,Hops,Хмель
VEGETABLE.HOPS.PLURAL,,Hops,Хмель
VEGETABLE.HOPS.TOOLTIP,,A flower used for the flavouring of beer. Must be planted in {{SEASON.SPRING}}.,"Цветок, который придает пиву вкус. Сезон посадки: {{SEASON.SPRING}}."
VEGETABLE.INGREDIENT.USAGE,,"used in the cooking of soup, or can be eaten raw",для супа или в сыром виде
VEGETABLE.LOQUAT,,Loquat,Мушмула
VEGETABLE.LOQUAT.PLURAL,,Loquats,Мушмула
VEGETABLE.MILTONIA_MUSHROOM,,Miltonia mushroom,Мильтония
VEGETABLE.MILTONIA_MUSHROOM.PLURAL,,Miltonia mushrooms,Мильтонии
VEGETABLE.MILTONIA_MUSHROOM.TOOLTIP,,"Once thought to exist only in the Hudds region, it is now found throughout the world.","Когда-то считалось, что они встречаются только в регионе Хаддс, сейчас распространены во всем мире."
VEGETABLE.POTATO,,Potato,Картофель
VEGETABLE.POTATO.PLURAL,,Potatoes,Картофель
VEGETABLE.POTATO.TOOLTIP,,"A starchy root vegetable which can survive {{SEASON.WINTER}} making it a good choice for most settlements. Can be planted in {{SEASON.SPRING}}, {{SEASON.SUMMER}} or {{SEASON.AUTUMN}}.","Крахмалистый корнеплод, который переживает зиму ({{SEASON.WINTER}}), поэтому подходит большинству поселений. Сезоны посадки: {{SEASON.SPRING}}, {{SEASON.SUMMER}}, {{SEASON.AUTUMN}}."
VEGETABLE.PURPLE_HELMET_MUSHROOM,,Purple helmet mushroom,Пурпурошлемник
VEGETABLE.PURPLE_HELMET_MUSHROOM.PLURAL,,Purple helmet mushrooms,Пурпурошлемники
VEGETABLE.PURPLE_HELMET_MUSHROOM.TOOLTIP,,"Fat Hat, Plump Turban, Puffy Helmet; This fabled mushroom goes by many names. Legend holds that long ago, many communities of dwarves subsisted entirely on a domesticated strain of this fungus.","Толстошляп, Пухлый тюрбан, Пышный шлем - у этого легендарного гриба много имен. Говорят, давным-давно многие общины гномов питались только одомашненной разновидностью этого гриба."
VEGETABLE.ROCIOMYCOTA_MUSHROOM,,Rociomycota mushroom,Роциомикота
VEGETABLE.ROCIOMYCOTA_MUSHROOM.PLURAL,,Rociomycota mushrooms,Роциомикоты
VEGETABLE.ROCIOMYCOTA_MUSHROOM.TOOLTIP,,A white and black spotted mushroom. It has been known to affect the appearance of those who ingest it.,"Гриб в бело-черных пятнах. Известно, что он меняет внешность тех, кто его съест."
VEGETABLE.SUNGLOW_MUSHROOM,,Sunglow mushroom,Солнцецвет
VEGETABLE.SUNGLOW_MUSHROOM.PLURAL,,Sunglow mushrooms,Солнцецветы
VEGETABLE.SUNGLOW_MUSHROOM.TOOLTIP,,A bright yellow mushroom which glows with the appearance of sunlight. It loses this glow the moment it is harvested.,"Ярко-желтый гриб, который светится, словно солнце. Свечение пропадает в момент сбора."
VEGETABLE.SYRUP_POWDER_MUSHROOM,,Syrup powder mushroom,Сиропник
VEGETABLE.SYRUP_POWDER_MUSHROOM.PLURAL,,Syrup powder mushrooms,Сиропники
VEGETABLE.SYRUP_POWDER_MUSHROOM.TOOLTIP,,"A round orange/yellow mushroom with a white underside. It is said to have been used by mages long ago, but for what purpose, nobody knows.","Круглый оранжевый или желтый гриб с белой нижней стороной. Говорят, что его использовали маги давным-давно, но с какой целью никто не знает."
VEGETABLE.TAMARILLO,,Tamarillo,Тамарильо
VEGETABLE.TAMARILLO.PLURAL,,Tamarillos,Тамарильо
VEGETABLE.THIMBLEBERRY,,Thimbleberry,Малина душистая
VEGETABLE.THIMBLEBERRY.PLURAL,,Thimbleberries,Малина душистая
VEGETABLE.TOMATO,,Tomato,Помидор
VEGETABLE.TOMATO.PLURAL,,Tomatoes,Помидоры
VEGETABLE.TOMATO.TOOLTIP,,A plant which grows large red berries often used as a vegetable. Can only be planted in {{SEASON.SPRING}}.,"Растение с крупными красными ягодами, которые обычно едят как овощ. Сезон посадки: только {{SEASON.SPRING}}."
VEGETABLE.WHEAT,,Wheat,Пшеница
VEGETABLE.WHEAT.NOUN,,,Пшеница
VEGETABLE.WHEAT.ADJECTIVE,,,из пшеницы
VEGETABLE.WHEAT.PLURAL,,Wheat,Пшеница
VEGETABLE.WHEAT.TOOLTIP,,"A cereal grain generally used for the production of bread. It can survive {{SEASON.WINTER}} but takes a while to grow, so it is either planted in {{SEASON.SPRING}} or {{SEASON.AUTUMN}}.","Злак, из которого обычно пекут хлеб. Переживает зиму ({{SEASON.WINTER}}), но растет долго, поэтому ее сажают в сезоны: {{SEASON.SPRING}} или {{SEASON.AUTUMN}}."
VEGETABLE.WHEAT.USAGE,,used to bake bread,для выпечки хлеба

VEHICLE.DESCRIPTION,E.g. “Wagon”,{{materialType.adjective}} {{vehicleType.noun}},{{vehicleType.noun}} {{materialType.adjective}}

WALL.DESCRIPTION,"E.g. “Granite rock wall”, “Granite smooth stone wall”",{{materialType.adjective}} {{wallType.noun}},{{wallType.noun}} {{materialType.adjective}}
WALL.GEMS.NOUN,,Gems,Самоцветная жила
WALL.ORE.NOUN,,Ore,Рудная жила
WALL.ROUGH_STONE.NOUN,,Rock wall,Скальная стена
WALL.STONE_BLOCK.NOUN,,Smooth stone wall,Стена из гладкого камня
WALL.WOODEN.NOUN,,Wood wall,Деревянная стена

WEAPON.BATTLE.AXE,,Battle axe,Боевой топор
WEAPON.BATTLE.HAMMER,,Battle hammer,Боевой молот
WEAPON.BONE.ARROW.HEADS.NOUN,,Bone arrow head,Костяной наконечник
WEAPON.BONE.ARROW.HEADS.PLURAL,,Bone arrow heads,Костяные наконечники
WEAPON.BONE.ARROWS.NOUN,,Arrow,Стрела
WEAPON.BONE.ARROWS.PLURAL,,Arrows,Стрелы
WEAPON.BOW,,Bow,Лук
WEAPON.CROSSBOW,,Crossbow,Арбалет
WEAPON.METAL.ARROW.HEADS.NOUN,,Arrow head,Наконечник стрелы
WEAPON.METAL.ARROW.HEADS.PLURAL,,Arrow heads,Наконечники стрел
WEAPON.METAL.ARROWS.NOUN,,Arrow,Стрела
WEAPON.METAL.ARROWS.PLURAL,,Arrows,Стрелы
WEAPON.METAL.BOLTS.NOUN,,Bolt,Болт
WEAPON.METAL.BOLTS.PLURAL,,Bolts,Болты
WEAPON.METAL.SHIELD,,Shield,Щит
WEAPON.NONE,Used to select no weapon from the selection list,None,Нет
WEAPON.NO_ARMOUR,,Unarmoured,Без брони
WEAPON.NO_SHIELD,,Unshielded,Без щита
WEAPON.SWORD,,Sword,Меч
WEAPON.UNARMED,,Unarmed,Без оружия
WEAPON.WOODEN.SHIELD,,Shield,Щит

WEATHER.TYPE.CLOUDY,,Cloudy & grey,Пасмурно
WEATHER.TYPE.COLD_WINDS,,Cold winds,Холодный ветер
WEATHER.TYPE.PERFECT,,Perfect weather,Прекрасная погода
WEATHER.TYPE.RAIN,,Pouring rain,Ливень
WEATHER.TYPE.SNOW,,Snow flurries,Снегопад
WEATHER.TYPE.THUNDERSTORM,,Thunderstorm,Гроза

WOOD.ASPEN.ADJECTIVE,,Aspen,из осины
WOOD.ASPEN.NOUN,,Aspen,Осина
WOOD.BAOBAB.ADJECTIVE,,Baobab,из баобаба
WOOD.BAOBAB.NOUN,,Baobab,Баобаб
WOOD.BARKSHROOM.ADJECTIVE,This is a made-up fantasy wood that comes from giant mushrooms,Barkshroom,из корогриба
WOOD.BARKSHROOM.NOUN,This is a made-up fantasy wood that comes from giant mushrooms,Barkshroom,Корогриб
WOOD.BEECH.ADJECTIVE,,Beech,из бука
WOOD.BEECH.NOUN,,Beech,Бук
WOOD.BIRCH.ADJECTIVE,,Birch,из березы
WOOD.BIRCH.NOUN,,Birch,Береза
WOOD.EBONY.ADJECTIVE,,Ebony,из черного дерева
WOOD.EBONY.NOUN,,Ebony,Черное дерево
WOOD.FIR.ADJECTIVE,,Fir,из пихты
WOOD.FIR.NOUN,,Fir,Пихта
WOOD.FUNGIWOOD.ADJECTIVE,This is a made-up fantasy wood that comes from giant mushrooms,Fungiwood,из грибодрева
WOOD.FUNGIWOOD.NOUN,This is a made-up fantasy wood that comes from giant mushrooms,Fungiwood,Грибодрев
WOOD.IRONWOOD.ADJECTIVE,,Ironwood,из железного дерева
WOOD.IRONWOOD.NOUN,,Ironwood,Железное дерево
WOOD.MAPLE.ADJECTIVE,,Maple,из клена
WOOD.MAPLE.NOUN,,Maple,Клен
WOOD.NUYTSIA.ADJECTIVE,,Nuytsia,из нуйтсии
WOOD.NUYTSIA.NOUN,,Nuytsia,Нуйтсия
WOOD.OAK.ADJECTIVE,,Oaken,из дуба
WOOD.OAK.NOUN,,Oak,Дуб
WOOD.PECAN.ADJECTIVE,,Pecan,из пекана
WOOD.PECAN.NOUN,,Pecan,Пекан
WOOD.PINE.ADJECTIVE,,Pine,из сосны
WOOD.PINE.NOUN,,Pine,Сосна
WOOD.RED_CEDAR.ADJECTIVE,,Red cedar,из красного кедра
WOOD.RED_CEDAR.NOUN,,Red cedar,Красный кедр
WOOD.RED_EMPEROR.ADJECTIVE,,Red emperor,из красного императора
WOOD.RED_EMPEROR.NOUN,,Red emperor,Красный император
WOOD.ROSEWOOD.ADJECTIVE,,Rosewood,из палисандра
WOOD.ROSEWOOD.NOUN,,Rosewood,Палисандр
WOOD.SPRUCE.ADJECTIVE,,Spruce,из ели
WOOD.SPRUCE.NOUN,,Spruce,Ель
WOOD.STAR_PINE.ADJECTIVE,,Star pine,из звездной сосны
WOOD.STAR_PINE.NOUN,,Star pine,Звездная сосна
WOOD.SYCAMORE.ADJECTIVE,,Sycamore,из платана
WOOD.SYCAMORE.NOUN,,Sycamore,Платан
