KEY,NOTES,ENGLISH

ACTION.DRINK_FROM_RIVER,,from river
ACTION.JOB.BUTCHER_CREATURE,,Butchering
ACTION.JOB.CLEAR_GROUND,E.g. “Clearing shrub”,Clearing {{targetPlant}}
ACTION.JOB.CONSTRUCT_FLOORING,,Laying floor
ACTION.JOB.CONSTRUCT_FURNITURE,E.g. “Crafting furniture”,{{profession.verb}} {{targetDescription}}
ACTION.JOB.CONSTRUCT_MECHANISM,,Placing mechanisms
ACTION.JOB.CONSTRUCT_PIPING,,Placing pipe
ACTION.JOB.CONSTRUCT_ROOFING,,Constructing roof
ACTION.JOB.CREATE_GENERIC,,Producing {{targetDescription}}
ACTION.JOB.DECONSTRUCT,E.g. “Removing stone wall” “Removing wooden wall”,Removing {{targetDescription}}
ACTION.JOB.DECONSTRUCT_MECHANISM,,Removing mechanism
ACTION.JOB.DECONSTRUCT_PIPING,,Removing pipe
ACTION.JOB.DECONSTRUCT_ROOFING,,Removing roof
ACTION.JOB.DIGGING,,Digging {{targetDescription}}
ACTION.JOB.DUMP_LIQUID_FROM_CONTAINER,For emptying the liquid contents out of a container,Emptying out contents of {{targetDescription}}
ACTION.JOB.EXTINGUISH_FLAMES,,Putting out a fire
ACTION.JOB.FILL_GRAVE,For filling a grave with dirt,Filling {{targetDescription}}
ACTION.JOB.FISHING,,Fishing
ACTION.JOB.GENERIC,"E.g. “Smelting iron ore”, “Crafting wooden planks”",{{profession.verb}} {{targetDescription}}
ACTION.JOB.HARVESTING,,Harvesting {{targetPlant}}
ACTION.JOB.INNOCULATE_MUSHROOM_LOG,,Injecting mushroom spawn
ACTION.JOB.LOGGING,,{{profession.verb}} {{targetPlant}}
ACTION.JOB.PLANTING,,Planting {{requiredItem}}
ACTION.JOB.REMOVE_PESTS_FROM_CROP,,Removing pests from {{targetPlant}}
ACTION.JOB.SHOVELLING,,Shovelling {{targetDescription}}
ACTION.JOB.TILLING,,Tilling the earth
ACTION.JOB.TRANSFER_LIQUID,For filling a container with a liquid,Filling {{targetDescription}}
ACTION.KNOCKED_UNCONSCIOUS,,Knocked unconscious
ACTION.MALTING.VERB,,Malting
ACTION.PREPARATION.VERB,,Preparing
ACTION.SELECT_JOB.DESCRIPTION,When looking for a job to work,Looking for work to do
ACTION.SLEEP_ON_FLOOR.DESCRIPTION,E.g. “Sleeping on rough stone floor”,Sleeping on {{tileDescription}}
ACTION.STUNNED,,Stunned

ARMOUR.LEATHER,,Leather armour
ARMOUR.LEATHER.TOOLTIP,,A light and basic armour to protect you in combat
ARMOUR.ORC.HEAVY,,Orc armour
ARMOUR.ORC.LIGHT,,Leather orc armour
ARMOUR.PLATE,,Plate armour
ARMOUR.PLATE.TOOLTIP,,Thick and sturdy armour which offers a lot of protection in combat

ASHES.NOUN,,Ash

BODY_STRUCTURE.ABDOMEN,,Abdomen
BODY_STRUCTURE.ARM,,Arm
BODY_STRUCTURE.CEPHALOTHORAX,,Cephalothorax
BODY_STRUCTURE.DAMAGE.BLEEDING,,Bleeding
BODY_STRUCTURE.DAMAGE.BROKENBONES,,Broken
BODY_STRUCTURE.DAMAGE.BRUISED,,Bruised
BODY_STRUCTURE.DAMAGE.DESTROYED,,Destroyed
BODY_STRUCTURE.DAMAGE.NOT_INJURED,,Not Injured
BODY_STRUCTURE.DISCRIMINATOR.BACKLEFT,,Rear left
BODY_STRUCTURE.DISCRIMINATOR.BACKRIGHT,,Rear right
BODY_STRUCTURE.DISCRIMINATOR.FIRSTLEFT,,First left
BODY_STRUCTURE.DISCRIMINATOR.FIRSTRIGHT,,First right
BODY_STRUCTURE.DISCRIMINATOR.FOURTHLEFT,,Fourth left
BODY_STRUCTURE.DISCRIMINATOR.FOURTHRIGHT,,Fourth right
BODY_STRUCTURE.DISCRIMINATOR.FRONTLEFT,,Front left
BODY_STRUCTURE.DISCRIMINATOR.FRONTRIGHT,,Front right
BODY_STRUCTURE.DISCRIMINATOR.LEFT,,Left
BODY_STRUCTURE.DISCRIMINATOR.RIGHT,,Right
BODY_STRUCTURE.DISCRIMINATOR.SECONDLEFT,,Second left
BODY_STRUCTURE.DISCRIMINATOR.SECONDRIGHT,,Second right
BODY_STRUCTURE.DISCRIMINATOR.THIRDLEFT,,Third left
BODY_STRUCTURE.DISCRIMINATOR.THIRDRIGHT,,Third right
BODY_STRUCTURE.FOOT,,Foot
BODY_STRUCTURE.HAND,,Hand
BODY_STRUCTURE.HEAD,,Head
BODY_STRUCTURE.HOOF,,Hoof
BODY_STRUCTURE.LEFT-ARM,,Left arm
BODY_STRUCTURE.LEFT-HAND,,Left hand
BODY_STRUCTURE.LEG,,Leg
BODY_STRUCTURE.ORGAN.BRAIN,,Brain
BODY_STRUCTURE.ORGAN.EYE,,Eye
BODY_STRUCTURE.ORGAN.HEART,,Heart
BODY_STRUCTURE.ORGAN.INTESTINES,,Intestines
BODY_STRUCTURE.ORGAN.KIDNEY,,Kidney
BODY_STRUCTURE.ORGAN.LUNG,,Lung
BODY_STRUCTURE.ORGAN_DAMAGE.DESTROYED,,Destroyed
BODY_STRUCTURE.ORGAN_DAMAGE.HEAVY,,Heavy damage to
BODY_STRUCTURE.ORGAN_DAMAGE.LIGHT,,Light damage to
BODY_STRUCTURE.PAW,,Paw
BODY_STRUCTURE.RIGHT-ARM,,Right arm
BODY_STRUCTURE.RIGHT-HAND,,Right hand
BODY_STRUCTURE.TORSO,,Chest
BODY_STRUCTURE.TRUNK,,Trunk

BONE.BONE,,Bone

CARCASS.CARP.PREPARED.NOUN,,Carp fillet
CARCASS.CARP.PREPARED.PLURAL,,Carp fillets
CARCASS.GROUP,,Corpses
CARCASS.HIDE.NOUN,,Hide
CARCASS.HIDE.PLURAL,,Hides
CARCASS.MEAT.LARGE,,Meat (large)
CARCASS.MEAT.MEDIUM,,Meat (medium)
CARCASS.MEAT.SMALL,,Meat (small)
CARCASS.PERCH.PREPARED.NOUN,,Perch fillet
CARCASS.PERCH.PREPARED.PLURAL,,Perch fillets
CARCASS.PIKE.PREPARED.NOUN,,Pike fillet
CARCASS.PIKE.PREPARED.PLURAL,,Pike fillets

CLOTH.BRONZED_HEMP,,Hemp
CLOTH.HEMP-LINEN,,Hemp
CLOTH.LIGHT_HEMP,,Hemp
CLOTH.TOBACCO_CLOTH,,Tobacco cloth

COMBAT.DESCRIPTION.FLEEING,,Fleeing from combat
COMBAT.DESCRIPTION.GENERIC,,In combat
COMBAT.DESCRIPTION.VERSUS_OPPONENT,,In combat with {{targetDescription}}

CONSTRUCTION.DESCRIPTION,E.g. “Construction of granite stonemason workbench”,Construction of {{materialType.adjective}} {{furnitureType.noun}}
CONSTRUCTION.REQUIREMENT_ALLOCATION,E.g. “1 of 3 marble blocks allocated” (or assigned),{{numRequired}} required{{\n}}{{numAvailable}} available{{\n}}{{numAssigned}} assigned
CONSTRUCTION.REQUIREMENT_RECIPE_MULTIPLE,,{{outputItemType}} are made from {{inputItemTypes}} and {{lastInputItemType}} at the {{furnitureType}} by {{profession}}.
CONSTRUCTION.REQUIREMENT_RECIPE_SINGULAR,,{{outputItemType}} are made from {{lastInputItemType}} at the {{furnitureType}} by {{profession}}.
CONSTRUCTION.STATUS.CLEARING_WORK_SITE,This is to be displayed when other items need to be cleared out from an area that has something being built over it,Removing other items
CONSTRUCTION.STATUS.CLEARING_WORK_SITE.TOOLTIP,,There are items that need to be removed from this furniture’s construction area before it can progress.
CONSTRUCTION.STATUS.SELECTING_MATERIALS,E.g. “Waiting for more wooden planks to be available”,Waiting for more {{materialType}} {{itemDescription.plural}} to be available
CONSTRUCTION.STATUS.WAITING_FOR_COMPLETION,This is displayed once all resources are in place and the construction is being worked on,Under construction
CONSTRUCTION.STATUS.WAITING_FOR_RESOURCES,This is displayed while a construction is waiting for resource items to be placed in the build area,Waiting for resources to arrive

COOKING.BREAD.DESCRIPTION,E.g. “Wheat bread”,{{materialDescription}} bread
COOKING.DUAL_INGREDIENT.DESCRIPTION,"E.g. “Tomato and potato”, to be used for for two ingredients together as below",{{materialOne}} and {{materialTwo}}
COOKING.RATION.DESCRIPTION,E.g. “Rockbread ration”,{{materialDescription}} ration
COOKING.SOUP.DESCRIPTION,"E.g. “Tomato soup”, “Tomato and potato soup”, “Vegetable soup”",{{materialDescription}} soup
COOKING.TRIPLE_INGREDIENT.DESCRIPTION,"E.g. “Fish, tomato and potato”, to be used for for three ingredients together as below","{{materialOne}}, {{materialTwo}} and {{materialThree}}"

CRAFTING_TYPE.BAKING,,Baking
CRAFTING_TYPE.BLACKSMITHING,,Blacksmithing
CRAFTING_TYPE.BONE_CRAFTING,,Bone crafting
CRAFTING_TYPE.CARPENTRY,,Carpentry
CRAFTING_TYPE.CARVING_VERB,,Carving
CRAFTING_TYPE.COKE_OVEN_BAKING,,Coke baking
CRAFTING_TYPE.FERMENTING,,Fermenting
CRAFTING_TYPE.FINE_DETAIL_CRAFTING,,Fine detailing
CRAFTING_TYPE.FLETCHING,,Fletching
CRAFTING_TYPE.LEATHERWORKING,,Leatherworking
CRAFTING_TYPE.MALTING,,Malting
CRAFTING_TYPE.MALT_MASHING,,Malt mashing
CRAFTING_TYPE.MILLING,,Milling
CRAFTING_TYPE.MINTING,,Minting
CRAFTING_TYPE.ORE_CRUSHING,,Ore crushing
CRAFTING_TYPE.SMELTING,,Smelting
CRAFTING_TYPE.STONEMASONRY,,Stonemasonry
CRAFTING_TYPE.TANNING_HIDE,,Hide tanning
CRAFTING_TYPE.WEAPONSMITHING,,Weaponsmithing
CRAFTING_TYPE.WEAVING,,Weaving
CRAFTING_TYPE.WOODCUTTING,,Woodcutting
CRAFTING_TYPE.WORT_BREWING,,Brewing

CREATURE.DAMAGE.DESCRIPTION_A,,{{damageType}} {{bodyPart}}
CREATURE.DAMAGE.DESCRIPTION_B,,{{damageType}} {{discriminator}} {{bodyPart}}
CREATURE.DESCRIPTION,,{{gender.adjective}} {{race.noun}}
CREATURE.STATUS.BLINDED,,Blinded
CREATURE.STATUS.DEAD,,Dead

COMBAT.DAMAGE_TYPE.STABBING,,Piercing
COMBAT.DAMAGE_TYPE.SLASHING,,Slashing
COMBAT.DAMAGE_TYPE.CRUSHING,,Crushing

CROP.AFFLICTED_BY_PESTS,For when a crop plant is infested with insects and other pests and needs some work to remove them,Afflicted by pests
CROP.AFFLICTED_BY_PESTS.TOOLTIP,,This crop has been afflicted by an excessive number of aphids and other insects which need to be removed by a {{PROFESSION.FARMER}} before it can flourish again. Not removing the pests in time could mean that this crop dies!
CROP.DESCRIPTION,,{{materialType.noun}} plant
CROP.HARVEST_PROGRESS,E.g. “Progress towards harvest: 30%”,Progress towards harvest ({{progress}}%):
CROP.MOISTURE_STATE.DROUGHTED,,This plant has no access to water for a long time and has stopped growing
CROP.MOISTURE_STATE.NEEDS_WATERING,,This plant has not been watered and is growing slowly
CROP.MOISTURE_STATE.NEEDS_WATERING.TOOLTIP,,You can irrigate your crops with a channel containing water with 2 tiles.
CROP.MOISTURE_STATE.WATERED,,This plant has been watered recently and is growing quickly

DEATH_REASON.BURNING,These are used in conjunction with the NOTIFICATION.DEATH.DESCRIPTION translation,Burning
DEATH_REASON.CRITICAL_ORGAN_DAMAGE,,Critical organ damage
DEATH_REASON.CRUSHED_BY_FALLING_DEBRIS,These are used in conjunction with the NOTIFICATION.DEATH.DESCRIPTION translation,Falling debris
DEATH_REASON.DEHYDRATION,These are used in conjunction with the NOTIFICATION.DEATH.DESCRIPTION translation,Dehydration
DEATH_REASON.EXHAUSTION,These are used in conjunction with the NOTIFICATION.DEATH.DESCRIPTION translation,Exhaustion
DEATH_REASON.EXTENSIVE_INJURIES,,Extensive injuries
DEATH_REASON.FOOD_POISONING,These are used in conjunction with the NOTIFICATION.DEATH.DESCRIPTION translation,Food poisoning
DEATH_REASON.FROZEN,These are used in conjunction with the NOTIFICATION.DEATH.DESCRIPTION translation,Exposure to freezing weather
DEATH_REASON.GIVEN_UP_ON_LIFE,,having given up on life
DEATH_REASON.INTERNAL_BLEEDING,,Internal bleeding
DEATH_REASON.KILLED_BY_ENTITY,,wounds suffered in combat
DEATH_REASON.MURDERED.UNKNOWN_KILLER,,someone
DEATH_REASON.STARVATION,These are used in conjunction with the NOTIFICATION.DEATH.DESCRIPTION translation,Starvation
DEATH_REASON.SUFFOCATION,,Suffocation
DEATH_REASON.UNKNOWN,,Mysterious circumstances

EARTH.DIRT,,Dirt
EARTH.GRASS,,Grass

EFFECT.FIRE,When the player selects a fire by itself,Fire

ENTITY.DESTRUCTION_DESCRIPTION.BURNED,,Destroyed by fire
ENTITY.DESTRUCTION_DESCRIPTION.COMBAT_DAMAGE,,Destroyed during combat
ENTITY.DESTRUCTION_DESCRIPTION.OXIDISED,,Destroyed by prolonged exposure to rain

FACTION.HOSTILE_INVASION,,Hostile Invader
FACTION.MERCHANTS,,Merchant
FACTION.MONSTERS,,Monster
FACTION.PIRATES,,Pirate
FACTION.SETTLEMENT,,Settler
FACTION.SETTLEMENT.ANIMAL,,Domesticated Animal
FACTION.WILD_ANIMALS,,Wild Animal

FLOOR.CHANNEL.DESCRIPTION,,Irrigation channel ({{state}})
FLOOR.CHANNEL.DESCRIPTION.TOOLTIP,,Irrigation channels provide access to water to crops within 2 tiles. Build a water pump and connect the channels to it using pipes.
FLOOR.CHANNEL.STATE.EMPTY,,Empty
FLOOR.CHANNEL.STATE.FULL,,Full
FLOOR.CHANNEL.STATE.PARTIALLY_FILLED,,Partially-filled
FLOOR.COBBLESTONE,,Cobblestone
FLOOR.DESCRIPTION,,{{floorType.noun}}
FLOOR.DIRT,,Dirt
FLOOR.GRASS,,Grass
FLOOR.GRAVEL,,Gravel
FLOOR.PIPE.DESCRIPTION,,{{material}} pipe ({{state}})
FLOOR.POWER.DESCRIPTION,,{{entity}} - Power available: {{powerAmount}}
FLOOR.RIVER,,River
FLOOR.ROUGH_STONE,,Rough stone floor
FLOOR.SNOW,,Fallen snow
FLOOR.STONE_PAVING,,Stone paving
FLOOR.STONE_SLAB,,Stone slab
FLOOR.TILLED_EARTH,,Tilled earth
FLOOR.UNEXPLORED,Used when the player clicks on an area they have not discovered yet,Unexplored
FLOOR.WOODEN,,Wooden floorboards

FOODSTUFF.ROCKBREAD,This is a made-up fantasy food,Rockbread
FOODSTUFF.ROCKBREAD.TOOLTIP,,This is an infamously tough bread which is so hard and practically inedible that it takes a very long time to turn mouldy. The human explorer Rosalie Moon once described eating it as “akin to chewing gravel that has been dredged from a swamp”. Fortunately most dwarves don’t seem to mind.
FOODSTUFF.WHEAT-BREAD,"Actually just to describe “wheat” as a foodstuff, not specifically bread",Wheat

FUEL.SACK,,Fuel
FUEL.SACK.TOOLTIP,,"Fuel is required in the production of metal, both by the {{FURNITURE.BLOOMERY_FURNACE}} and the {{FURNITURE.FORGE}}."

FURNITURE.ARCHERY_TARGET,,Archery target
FURNITURE.ARCHERY_TARGET.TOOLTIP,,Military settlers will practice their ranged combat skills here up to level 50.
FURNITURE.ARMOUR_STAND,,Armour stand
FURNITURE.ARMOUR_STAND.TOOLTIP,,Used to store armour.
FURNITURE.ARTISAN_WORKSTATION,,Artisan workstation
FURNITURE.ARTISAN_WORKSTATION.TOOLTIP,,A crafting station for intricate items produced by an {{PROFESSION.ARTISAN}}.
FURNITURE.BAKERS_WORKTOP,,Baker’s worktop
FURNITURE.BAKERS_WORKTOP.TOOLTIP,,A {{PROFESSION.CHEF}} works here to turn {{RESOURCE.FLOUR.SACK.PLURAL}} into {{INGREDIENT.DOUGH}}.
FURNITURE.BAKING_OVEN,For the baking of bread,Baker's oven
FURNITURE.BAKING_OVEN.TOOLTIP,,A {{PROFESSION.CHEF}} bakes loaves here using prepared {{INGREDIENT.DOUGH}}.
FURNITURE.BEER_TAPPER,,Beer tapper
FURNITURE.BEER_TAPPER.STATE.BEER_AVAILABLE,,Beer is available
FURNITURE.BEER_TAPPER.STATE.BEER_BARREL_INCOMING,,A beer barrel is on the way
FURNITURE.BEER_TAPPER.STATE.BEER_EXHAUSTED,,The beer has all gone!
FURNITURE.BEER_TAPPER.STATE.IDLE,,Idle (no beer available)
FURNITURE.BEER_TAPPER.TOOLTIP,,This is where fermented {{LIQUID.BEER}} is served from.
FURNITURE.BLOOMERY_FURNACE,A simple type of furnace to smelt metal from ore,Bloomery furnace
FURNITURE.BLOOMERY_FURNACE.TOOLTIP,,A {{PROFESSION.BLACKSMITH}} uses this hand-operated furnace to turn {{RESOURCE.ORE.CRUSHED.PLURAL}} and {{FUEL.SACK}} into {{MATERIAL_TYPE.METAL.ADJECTIVE}} {{RESOURCE.METAL.INGOT.PLURAL}}.
FURNITURE.BONE_CRAFTING_BENCH,,Bone crafting bench
FURNITURE.BONE_CRAFTING_BENCH.TOOLTIP,,This is used to construct items out of bone.
FURNITURE.BREW_KETTLE,,Brew kettle
FURNITURE.BREW_KETTLE.TOOLTIP,,This is used to produce the final wort (unfermented beer) using {{VEGETABLE.HOPS}} and wort from the {{FURNITURE.MASH_TUN}}.
FURNITURE.BUTCHERY_WORKTOP,,Butchery worktop
FURNITURE.BUTCHERY_WORKTOP.TOOLTIP,,Fish and animal carcasses are prepared here into usable meat.
FURNITURE.BUYING_PALLET,,Buying pallet
FURNITURE.BUYING_PALLET.TOOLTIP,,Use this to determine which items to buy from the merchants.
FURNITURE.CARPENTRY_WORKBENCH,,Carpentry workbench
FURNITURE.CARPENTRY_WORKBENCH.TOOLTIP,,"Most wooden items and tools are produced here, such as {{PRODUCT.BUCKET.PLURAL}} and {{PRODUCT.BARREL.PLURAL}}."
FURNITURE.CAULDRON,A large metal pot for cooking (common with Halloween),Cauldron
FURNITURE.CAULDRON.TOOLTIP,,A cauldron is used to serve a large quantity of soup to hungry settlers. The soup is produced in a {{ROOMS.KITCHEN}} before being moved to a {{ROOMS.FEASTING_HALL}} for serving.
FURNITURE.CHAIR,,Chair
FURNITURE.CHAIR.TOOLTIP,,Settlers can sit here while using the {{FURNITURE.FEASTING_TABLE}}.
FURNITURE.CHARCOAL_CLAMP,,Charcoal clamp
FURNITURE.CHARCOAL_CLAMP.TOOLTIP,,"This is a pile of {{RESOURCE.LOGS.PLURAL}} covered with {{MATERIAL_TYPE.EARTH}} and slowly burned to produce {{ORE.CHARCOAL.NOUN}}, which can then be used as {{FUEL.SACK}}."
FURNITURE.COKE_OVEN,,Coke oven
FURNITURE.COKE_OVEN.TOOLTIP,,A coke oven converts {{ORE.BITUMINOUS_COAL.NOUN}} into {{ORE.COKE.NOUN}} so that it can be used as {{FUEL.SACK}}.
FURNITURE.DESCRIPTION,E.g. “Granite stonemason workbench”,{{materialType.adjective}} {{furnitureType.noun}}
FURNITURE.DESCRIPTION.GENERIC_PROGRESS,,Progress to completion: {{progress}}%
FURNITURE.DESCRIPTION.MUSHROOM_INNOCULATION_IN_PROGRESS,,Progress to complete innoculation: {{progress}}%
FURNITURE.DESCRIPTION.SHOCKING_IN_PROGRESS,,Progress: {{progress}}%
FURNITURE.DESCRIPTION.WAITING_FOR_ITEM,,Waiting for {{itemType.noun}}
FURNITURE.DESCRIPTION.WAITING_FOR_LIQUID,,Waiting to be filled
FURNITURE.DESCRIPTION.WAITING_FOR_MUSHROOM_SPAWN,,Waiting to be injected with mushroom spawn
FURNITURE.DOUGH_PROOFING_TABLE,,Dough proofing table
FURNITURE.DOUGH_PROOFING_TABLE.TOOLTIP,,Dough can be taken from {{FURNITURE.BAKERS_WORKTOP}} to store here before entering the {{FURNITURE.BAKING_OVEN}}.
FURNITURE.EXPORT_PALLET,,Export pallet
FURNITURE.EXPORT_PALLET.TOOLTIP,,Use this to determine which items to export from the room.
FURNITURE.FEASTING_TABLE,A very large table for a feast,Feasting table
FURNITURE.FEASTING_TABLE.TOOLTIP,,"With a {{FURNITURE.CHAIR}} in place, your settlers will enjoy their meals at this table."
FURNITURE.FERMENTATION_TANK,,Fermentation tank
FURNITURE.FERMENTATION_TANK.TOOLTIP,,This is where {{LIQUID.HOPPED_WORT}} is fermented into {{LIQUID.BEER}}.
FURNITURE.FISH_BARREL,,Fish barrel
FURNITURE.FISH_BARREL.TOOLTIP,,Neatly store away your caught fish for future cooking.
FURNITURE.FLETCHERS_WORKBENCH,,Fletcher's workbench
FURNITURE.FLETCHERS_WORKBENCH.TOOLTIP,,This is a crafting station for ranged weapons and ammunition.
FURNITURE.FLOUR_MILL,This is a table with a hand-operated flour mill stone on top,Gristmill
FURNITURE.FLOUR_MILL.TOOLTIP,,The gristmill grinds {{VEGETABLE.WHEAT}} into {{RESOURCE.FLOUR.SACK.NOUN}} so that it can be used by a {{PROFESSION.CHEF}}.
FURNITURE.FORGE,,Forge
FURNITURE.FORGE.TOOLTIP,,This is where a {{PROFESSION.BLACKSMITH}} works with {{MATERIAL_TYPE.METAL.ADJECTIVE}} {{RESOURCE.METAL.INGOT.PLURAL}} and {{FUEL.SACK}} to craft items and weapons.
FURNITURE.GRAVE,,Grave
FURNITURE.GRAVE.TOOLTIP,,A hastily-dug grave for deceased settlers that can only be dug into {{MATERIAL_TYPE.EARTH}}.
FURNITURE.HITCHING_POST,,Hitching post
FURNITURE.HITCHING_POST.TOOLTIP,,Visiting merchants will park their wagons here.
FURNITURE.IMPORT_PALLET,,Import pallet
FURNITURE.IMPORT_PALLET.TOOLTIP,,Use this to determine which items to import to the room.
FURNITURE.INVADER_CAMPFIRE,,Campfire
FURNITURE.KITCHEN_WORKTOP,Simple piece of furniture in a kitchen used to hold ingredients on top of it,Kitchen worktop
FURNITURE.KITCHEN_WORKTOP.TOOLTIP,,An area to store ingredients for a {{PROFESSION.CHEF}} to cook soup.
FURNITURE.LANTERN,,Lantern
FURNITURE.LANTERN.TOOLTIP,,A lantern provides light. This does not currently have an in-game effect.
FURNITURE.LEATHERWORKING_STATION,,Leatherworking station
FURNITURE.LEATHERWORKING_STATION.TOOLTIP,,A workbench to produce leather goods like armour and waterskins.
FURNITURE.LEDGER_TABLE,,Ledger table
FURNITURE.LEDGER_TABLE.TOOLTIP,,A landmark for the {{ROOMS.TRADING_DEPOT}}. This does not currently have an in-game effect.
FURNITURE.LOOM,,Loom
FURNITURE.LOOM.TOOLTIP,,Used to craft textiles such as {{PRODUCT.LINEN.NOUN}} from {{RESOURCE.HEMP.FIBRE.BUNDLE.PLURAL}}.
FURNITURE.MALTING_STATION,,Malting station
FURNITURE.MALTING_STATION.TOOLTIP,,Here brewers steep barley and then dry it out using a kiln to produce malt.
FURNITURE.MASH_TUN,,Mash tun
FURNITURE.MASH_TUN.TOOLTIP,,This is used to produce wort (unfermented beer) from milled malt and water.
FURNITURE.MUSHROOM_LOG,,Mushroom log
FURNITURE.MUSHROOM_LOG.TOOLTIP,,"A log that has been injected with {{INGREDIENT.MUSHROOM.SPAWN.PLURAL}} to produce several harvests of delicious, juicy mushrooms."
FURNITURE.MUSHROOM_SHOCK_TANK,This is a trough of water used to immerse mushroom logs in for a period of time,Shock tank
FURNITURE.MUSHROOM_SHOCK_TANK.TOOLTIP,,"After innoculation, a {{FURNITURE.MUSHROOM_LOG}} is placed in this tank to “shock” the mushroom colony and encourage it to grow mushrooms."
FURNITURE.ORE_CRUSHING_STATION,,Ore crushing station
FURNITURE.ORE_CRUSHING_STATION.TOOLTIP,,Raw {{RESOURCE.ORE.UNREFINED.PLURAL}} is crushed to a more workable size so that it can be used in a {{FURNITURE.BLOOMERY_FURNACE}}.
FURNITURE.PILLAR,A pillar used to support a roof,Pillar
FURNITURE.PILLAR.TOOLTIP,,A pillar is required to stop large mined-out areas from collapsing. An area of 7x7 tiles that have been mined without any pillars or other supports in place will eventually collapse.
FURNITURE.RETTING_TANK,,Retting tank
FURNITURE.RETTING_TANK.TOOLTIP,,This is used to process raw {{VEGETABLE.HEMP}} into hemp fibre that can be worked into useful materials.
FURNITURE.SARCOPHAGUS,A stone tomb,Sarcophagus
FURNITURE.SARCOPHAGUS.TOOLTIP,,This elaborate stone container is the final resting place of a deceased settler.
FURNITURE.SELLING_PALLET,,Selling pallet
FURNITURE.SELLING_PALLET.TOOLTIP,,Use this to determine which items to sell to the merchants.
FURNITURE.SERVING_TABLE,A table used to hold food for serving,Serving table
FURNITURE.SERVING_TABLE.TOOLTIP,,{{PRODUCT.BREAD.LOAF.PLURAL}} are placed here for serving after being baked in a {{FURNITURE.BAKING_OVEN}}.
FURNITURE.SINGLE_BED,,Bed
FURNITURE.SINGLE_BED.TOOLTIP,,A bed is the best place for a comfortable night’s rest.
FURNITURE.SINGLE_DOOR,,Door
FURNITURE.SINGLE_DOOR_FRAME,,Door frame
FURNITURE.SLEEPING_SPOT,,Sleeping spot
FURNITURE.SLEEPING_SPOT.TOOLTIP,,Your settlers will use this space to sleep on the floor. Not very comfortable!
FURNITURE.STONEMASON_WORKBENCH,,Stonemason workbench
FURNITURE.STONEMASON_WORKBENCH.TOOLTIP,,A {{PROFESSION.STONEMASON}} works here with {{MATERIAL_TYPE.STONE.ADJECTIVE}} resources.
FURNITURE.TANNING_FRAME,,Tanning frame
FURNITURE.TANNING_FRAME.TOOLTIP,,Used to turn {{CARCASS.HIDE.PLURAL}} into {{PRODUCT.LEATHER.PLURAL}}.
FURNITURE.TRADE_BANNER,,Banner
FURNITURE.TRADE_BANNER.TOOLTIP,,A decorative banner to denote the trading depot.
FURNITURE.TRAINING_DUMMY,,Training dummy
FURNITURE.TRAINING_DUMMY.TOOLTIP,,Military settlers will practice their melee combat skills here up to level 50.
FURNITURE.WAGON_PARKED,,Wagon
FURNITURE.WATERWHEEL,,Water Wheel
FURNITURE.WATERWHEEL.PLURAL,,Water Wheels
FURNITURE.WATERWHEEL.TOOLTIP,,Provides mechanical power to other contraptions via {{PRODUCT.STONE.GEAR.PLURAL}} and shafts. Must be built adjacent to a river.
FURNITURE.WATER_BARREL,,Water Barrel
FURNITURE.WATER_BARREL.TOOLTIP,,"A water barrel is a place for your settlers to get a thirst-quenching drink, rather than having to find a natural water source like the river."
FURNITURE.WATER_PUMP,,Water Pump
FURNITURE.WATER_PUMP.PLURAL,,Water Pumps
FURNITURE.WATER_PUMP.TOOLTIP,,Moves water from the river to a pipe system.
FURNITURE.WEAPON_RACK,,Weapon Rack
FURNITURE.WEAPON_RACK.TOOLTIP,,Used to store weapons.
FURNITURE.WELL,,Cistern
FURNITURE.WELL.TOOLTIP,,"A cistern provides a source of water, but must be connected to a working pipe system."
FURNITURE.WINDMILL,,Windmill
FURNITURE.WINDMILL.PLURAL,,Windmills
FURNITURE.WINDMILL.TOOLTIP,,Provides mechanical power to other contraptions via {{PRODUCT.STONE.GEAR.PLURAL}} and shafts.
FURNITURE.WOODCUTTERS_BENCH,,Woodcutting Bench
FURNITURE.WOODCUTTERS_BENCH.TOOLTIP,,A {{PROFESSION.WOODCUTTER}} works here to turn {{RESOURCE.LOGS.PLURAL}} into {{RESOURCE.PLANKS.PLURAL}}.

GEM.AMETHYST.ADJECTIVE,,Amethyst
GEM.AMETHYST.NOUN,,Amethyst
GEM.AMETHYST.TOOLTIP,,A violet-hued variety of quartz. Ancient humans believed it could magically protect them from becoming too drunk. For this reason it is not very popular in dwarven culture.
GEM.AMMOLITE.ADJECTIVE,,Ammolite
GEM.AMMOLITE.NOUN,,Ammolite
GEM.AMMOLITE.TOOLTIP,,An opal-like gemstone which has a red to green iridescence. It is known as the “hunting stone” and amulets made from it are meant to bring good luck to a hunt.
GEM.AQUAMARINE.ADJECTIVE,,Aquamarine
GEM.AQUAMARINE.NOUN,,Aquamarine
GEM.AQUAMARINE.TOOLTIP,,A cyan-coloured variety of beryl. Some humans believe it offers magical protection against the dangers of the seas. This is because an ancient mage used a combination of sky and ice magic to protect trading ships during the age of darkness.
GEM.BIXBITE.ADJECTIVE,,Bixbite
GEM.BIXBITE.NOUN,,Bixbite
GEM.BIXBITE.TOOLTIP,,"Also known as red beryl, it is a very rare gemstone. It is often confused for a red-coloured emerald."
GEM.CINNABAR.ADJECTIVE,,Cinnabar
GEM.CINNABAR.NOUN,,Cinnabar
GEM.CINNABAR.TOOLTIP,,An ore of mercury which is often used in jewellery due to its deep-red hue. It is also used to produce the dye known as vermillion.
GEM.CITRINE.ADJECTIVE,,Citrine
GEM.CITRINE.NOUN,,Citrine
GEM.CITRINE.TOOLTIP,,"A yellowish variety of quartz. It is the gemstone most similar in colour to gold, so most dwarves think citrine is lucky."
GEM.DIAMOND.ADJECTIVE,,Diamond
GEM.DIAMOND.NOUN,,Diamond
GEM.DIAMOND.TOOLTIP,,The hardest known material and one of the most important of the seven heavenly stones. Diamonds are the most condensed form of the neutral element known as “spirit” or “aether”.
GEM.EMERALD.ADJECTIVE,,Emerald
GEM.EMERALD.NOUN,,Emerald
GEM.EMERALD.TOOLTIP,,A vibrant green variety of beryl. It is thought that engraving on an emerald brings great misfortune. Emeralds are closely related to elemental life and associated magic.
GEM.GARNET.ADJECTIVE,,Garnet
GEM.GARNET.NOUN,,Garnet
GEM.GARNET.TOOLTIP,,"Garnets cover a variety of minerals used as gemstones, all with a deep red colour. Some garnet gems are actually a condensed form of elemental fire."
GEM.JADE.ADJECTIVE,,Jade
GEM.JADE.NOUN,,Jade
GEM.JADE.TOOLTIP,,"A mineral with a light-green colour often used for decoration. Also, elves have been known to use jade to produce medicine which can cure ailments of the gut."
GEM.JASPER.ADJECTIVE,,Jasper
GEM.JASPER.NOUN,,Jasper
GEM.JASPER.TOOLTIP,,"An impure variety of silica which can occur in several colours, but most commonly red. Jasper is favoured as a decoration material by orcs due to its variety."
GEM.LABRADORITE.ADJECTIVE,,Labradorite
GEM.LABRADORITE.NOUN,,Labradorite
GEM.LABRADORITE.TOOLTIP,,A rock which shines with a typically light-blue iridescence. Rarer specimens can reflect a wide range of colours.
GEM.LAPIS.ADJECTIVE,,Lapis lazuli
GEM.LAPIS.NOUN,,Lapis lazuli
GEM.LAPIS.TOOLTIP,,A rock with a brilliant deep blue hue which is used as a precious stone.
GEM.MAGNESITE.ADJECTIVE,,Magnesite
GEM.MAGNESITE.NOUN,,Magnesite
GEM.MAGNESITE.TOOLTIP,,A mineral which can be polished into beads for use in jewellery. These beads can by dyed into many different colours.
GEM.MOONSTONE.ADJECTIVE,,Moonstone
GEM.MOONSTONE.NOUN,,Moonstone
GEM.MOONSTONE.TOOLTIP,,"Thought to be formed by moonlight captured in rock, which makes this gemstone a favourite of the elves."
GEM.MORGANITE.ADJECTIVE,,Morganite
GEM.MORGANITE.NOUN,,Morganite
GEM.MORGANITE.TOOLTIP,,A rose-coloured variety of beryl. It was named after being popularised by a particularly wealthy merchant in the age of myth.
GEM.OPAL.ADJECTIVE,,Opal
GEM.OPAL.NOUN,,Opal
GEM.OPAL.TOOLTIP,,"A form of silica infused with the magic of the oceans, which makes this a favourite of sailors and fishermen."
GEM.PAINITE.ADJECTIVE,,Painite
GEM.PAINITE.NOUN,,Painite
GEM.PAINITE.TOOLTIP,,A very rare gemstone which is often identified as an off-colour sapphire. The crystals are naturally hexagonal in shape and a favourite of tacticians.
GEM.RHODOCHROSITE.ADJECTIVE,,Rhodochrosite
GEM.RHODOCHROSITE.NOUN,,Rhodochrosite
GEM.RHODOCHROSITE.TOOLTIP,,Found in varying shades of red to pink. It is not as hard as most gemstones making it a poor choice for rings and other high-impact jewellery.
GEM.ROCK_CRYSTAL.ADJECTIVE,,Rock crystal
GEM.ROCK_CRYSTAL.NOUN,,Rock crystal
GEM.ROCK_CRYSTAL.TOOLTIP,,The purest form of quartz. Rock crystals often feature in magical artifacts as they are a condensed form of the element of ice.
GEM.RUBY.ADJECTIVE,,Ruby
GEM.RUBY.NOUN,,Ruby
GEM.RUBY.TOOLTIP,,"One of the seven heavenly stones, rubies are the element of fire condensed into a solid form."
GEM.SAPPHIRE.ADJECTIVE,,Sapphire
GEM.SAPPHIRE.NOUN,,Sapphire
GEM.SAPPHIRE.TOOLTIP,,"Often believed to protect the wearer from the attention of daemons, sapphires are much sought-after by mages for use in sky and air-based magic."
GEM.SPINEL.ADJECTIVE,,Spinel
GEM.SPINEL.NOUN,,Spinel
GEM.SPINEL.TOOLTIP,,"Often confused with heavenly stones like true rubies and sapphires, spinels are a lesser form of magic-infused gem which can be associated with any of the elements, depending on colour."
GEM.TANZANITE.ADJECTIVE,,Tanzanite
GEM.TANZANITE.NOUN,,Tanzanite
GEM.TANZANITE.TOOLTIP,,A rare gemstone that can alternate between blue and violet. It is thought to be formed from the material body of a dead god.
GEM.TOPAZ.ADJECTIVE,,Topaz
GEM.TOPAZ.NOUN,,Topaz
GEM.TOPAZ.TOOLTIP,,"Sometimes confused with the more common {{GEM.CITRINE.NOUN}} gem, topaz can be found in several colours but most commonly a yellowish brown. It was first discovered on an island which no longer exists."
GEM.TOURMALINE.ADJECTIVE,,Tourmaline
GEM.TOURMALINE.NOUN,,Tourmaline
GEM.TOURMALINE.TOOLTIP,,Often found alongside {{ORE.CASSITERITE.ADJECTIVE}} ore. It is sometimes associated with earth magic.
GEM.TURQUOISE.ADJECTIVE,,Turquoise
GEM.TURQUOISE.NOUN,,Turquoise
GEM.TURQUOISE.TOOLTIP,,A blue-green mineral often used in decorations. It is thought to bring good luck to the bearer. It is often infused with the element of earth.

GOAL.ABANDON_JOB.DESCRIPTION,,Abandoning task
GOAL.ADD_TO_INVENTORY.DESCRIPTION,E.g. “Collecting bag of wheat seeds”,Collecting {{targetDescription}}
GOAL.COMBAT.DESCRIPTION,,Attacking {{targetDescription}}
GOAL.DRINK.DESCRIPTION,,Drinking {{targetDescription}}
GOAL.DUMP_LIQUID.DESCRIPTION,,Dumping contents of {{targetDescription}}
GOAL.EAT.DESCRIPTION,,Eating {{targetDescription}}
GOAL.EXTINGUISH_FIRE.DESCRIPTION,,Putting out a fire
GOAL.FLEE_FROM_AGGRESSOR.DESCRIPTION,,Fleeing from {{targetDescription}}
GOAL.HAULING.DESCRIPTION,E.g. “Hauling granite stone”,Hauling {{targetDescription}}
GOAL.IDLE.DESCRIPTION,When not doing anything,Idle
GOAL.INVADER.CREATE_CAMP.DESCRIPTION,,Setting up camp
GOAL.INVADER.RETREAT.DESCRIPTION,,Retreating from map
GOAL.INVADER.STEAL_RESOURCES.DESCRIPTION,,Raiding stockpiles
GOAL.MILITARY.ATTACK_TARGET.DESCRIPTION,,Moving into combat
GOAL.MILITARY.STAND_IN_FORMATION.DESCRIPTION,,Guarding a position
GOAL.MILITARY.TRAINING.DESCRIPTION,,Weapon training
GOAL.ON_FIRE.DESCRIPTION,,On fire!
GOAL.REFILL_WATERSKIN.DESCRIPTION,,Refilling waterskin
GOAL.SLEEP.DESCRIPTION,,Going to sleep
GOAL.TRANSFER_LIQUID.DESCRIPTION,Becomes “Transferring water”,Transferring {{targetZoneMaterial}}

GUI.ADD_REMOVE_TILES,Heading to describe adding or removing an area of a zone/room,Add/remove tiles
GUI.ADD_TILES,,Add tiles
GUI.AMBIENT_EFFECT_VOLUME,This is a volume setting for ambient effects such as birdsong and river flowing,Ambient Atmosphere
GUI.AVAILABLE_PROGRESS_BAR,,{{item}} Available:
GUI.BACK_LABEL,,Back
GUI.BUILD.BRIDGE,For building a bridge across a river,Bridge
GUI.BUILD.DOORS,Take from FURNITURE.SINGLE_DOOR,Doors
GUI.BUILD.FLOOR,For building floorboards/stone slabs across the ground,Flooring
GUI.BUILD.PILLARS,,Pillars
GUI.BUILD.PIPING,,Pipes
GUI.BUILD.POWER,,Power
GUI.BUILD.ROOFING,,Roofing
GUI.BUILD.WALLS,,Walls
GUI.BUILD_FURNITURE,,Furniture
GUI.BUILD_LABEL,,Build
GUI.CANCEL_LABEL,,Cancel
GUI.CHANGE_PROFESSION_LABEL,,Choose New Profession
GUI.CHANGE_WEAPON_LABEL,,Select weapon
GUI.COMBAT_LABEL,,Combat
GUI.CONSTRUCTION_LABEL,For the menu that further gives options for build and power and roofing,Construction
GUI.CRAFTING_MANAGEMENT.MAINTAINING_TEXT,As in keeping a fixed number of items in stock,Maintaining
GUI.CRAFTING_MANAGEMENT.SUBTITLE,,{{craftingType}} ({{profession}})
GUI.CRAFTING_MANAGEMENT.TABLE.CRAFTED_WITH,,Crafted With
GUI.CRAFTING_MANAGEMENT.TABLE.ITEM,,Item
GUI.CRAFTING_MANAGEMENT.TABLE.MANAGEMENT,,Management
GUI.CRAFTING_MANAGEMENT.TABLE.MANAGEMENT.LIMIT,,Limit
GUI.CRAFTING_MANAGEMENT.TABLE.MANAGEMENT.QUANTITY,,Quantity
GUI.CRAFTING_MANAGEMENT.TABLE.MANAGEMENT.QUANTITY.DECREMENT,,Decrement
GUI.CRAFTING_MANAGEMENT.TABLE.MANAGEMENT.QUANTITY.INCREMENT,,Increment
GUI.CRAFTING_MANAGEMENT.TITLE,,Crafting
GUI.CRAFTING_MANAGEMENT.TOTAL_QUANTITY_ACTUAL,,Current total: {{quantity}}
GUI.CRAFTING_MANAGEMENT.TOTAL_QUANTITY_HINT,,({{quantity}} in total)
GUI.CREDITS.AND_YOU_TITLE,,And You! Thanks For Playing!
GUI.CREDITS.DEVELOPERS.CHARACTER_ART,,Character Artists
GUI.CREDITS.DEVELOPERS.CONCEPT_ART,,Concept Artwork
GUI.CREDITS.DEVELOPERS.ENVIRONMENT_ART,,Environment Artists
GUI.CREDITS.DEVELOPERS.LEAD_DESIGN,,Lead Design & Programming
GUI.CREDITS.DEVELOPERS.LEAD_UI,,Lead 2D & UI Artist
GUI.CREDITS.DEVELOPERS.MUSIC,,Music & Sound Effects
GUI.CREDITS.DEVELOPERS.MUSIC_ADDITIONAL,,Additional Music Tracks
GUI.CREDITS.DEVELOPERS.PROGRAMMING,,Programming
GUI.CREDITS.DEVELOPERS.SPECIAL_THANKS,,Special Thanks
GUI.CREDITS.FOUNDING_BACKERS_TITLE,,Special Thanks to our Founding Backers
GUI.CREDITS.PATREON_KICKSTARTER_TITLE,,Additional Thanks to our Patreon and Kickstarter Backers
GUI.CREDITS.TRANSLATORS_TITLE,,Translations
GUI.CROP_SELECTION,,Crop:
GUI.CROP_SELECTION.DESCRIPTION,,{{plantDescription}} - {{planting}} - {{usage}}
GUI.CROP_SELECTION.PLANTING_HINT.SEASONS_0,,Can not be planted
GUI.CROP_SELECTION.PLANTING_HINT.SEASONS_1,,Plant in {{season1}}
GUI.CROP_SELECTION.PLANTING_HINT.SEASONS_2,,Plant in {{season1}} or {{season2}}
GUI.CROP_SELECTION.PLANTING_HINT.SEASONS_3,,"Plant in {{season1}}, {{season2}} or {{season3}}"
GUI.CROP_SELECTION.PLANTING_HINT.SEASONS_4,,Planted all year round
GUI.DATE_TIME_YEAR_LABEL,"E.g. 09:20, Day 4, Year 2","{{timeOfDay}}, Day {{dayNumber}}, Year {{year}}"
GUI.DAY_LABEL,,Day {{dayNumber}}
GUI.DECONSTRUCT_LABEL,,Demolish
GUI.DIALOG.CANCEL_BUTTON,,Cancel
GUI.DIALOG.CONFIRM,,Confirm
GUI.DIALOG.CONFIRM_DELETE_SAVE,,Are you sure you wish to delete {{name}}?
GUI.DIALOG.DISMISS,,Dismiss
GUI.DIALOG.ERROR_ROOM_NAME_ALREADY_EXISTS,Error message when the player attempts to rename a room to the same name as another room,A room with that name already exists.
GUI.DIALOG.ERROR_SAVE_INCOMPATIBLE,"Error loading a save as it is from an older, incompatible version of the game",The save file could not be loaded because it is incompatible with this version of the game.
GUI.DIALOG.ERROR_TITLE,Shown as the title of an error dialog,An error has occurred
GUI.DIALOG.ERROR_WHILE_LOADING,Unexpected error while loading a previous save,There was an unexpected error while loading the game.
GUI.DIALOG.ERROR_WHILE_SAVING,Unexpected error while saving the game,There was an unexpected error while saving the game.
GUI.DIALOG.HIDE_FURTHER_NOTIFICATIONS,Used to ask the player if they want to stop receiving this specific kind of notification,Hide These Notifications
GUI.DIALOG.INFO_TITLE,,Information
GUI.DIALOG.JUMP_TO,,Go to Location
GUI.DIALOG.LANGUAGE_TRANSLATION_INCOMPLETE,,The selected language translation is currently incomplete and will be missing some text. A fallback language will be used.
GUI.DIALOG.MOD_CHANGES_OUTSTANDING,,You have selected a different set of mods to be applied to the game. These will be applied when the game is next restarted.
GUI.DIALOG.MOD_INCOMPATIBLE,,One or more mods are incompatible with this version of the game and have been deactivated. You can check for updates in the mods menu.
GUI.DIALOG.OK_BUTTON,Single button shown to dismiss an error dialog,Ok
GUI.DIALOG.RENAME_ROOM_TITLE,,Rename Room
GUI.DIALOG.RENAME_SETTLER_TITLE,,Rename Settler
GUI.DIALOG.RESTART_REQUIRED,,You must restart the game for this change to take effect
GUI.DIALOG.SETTLEMENT_NAME_ALREADY_IN_USE,,You already have a saved game for the settlement {{name}}. Starting a new game will overwrite the existing save file. Are you sure you want to continue?
GUI.DIALOG.SETTLEMENT_NAME_NOT_SPECIFIED,,A name for the settlement must be specified.
GUI.DIALOG.STOCKPILE_MANAGEMENT.TITLE,,Stockpile settings
GUI.EMBARK.DISCORD_LINK,,Click here to join our Discord community
GUI.EMBARK.MAP_SEED,,Random Seed
GUI.EMBARK.MAP_SIZE,,Map Size
GUI.EMBARK.MAP_SIZE.LARGE,,Large
GUI.EMBARK.MAP_SIZE.MEDIUM,,Medium
GUI.EMBARK.MAP_SIZE.SMALL,,Small
GUI.EMBARK.PEACEFUL_MODE,,Peaceful Mode
GUI.EMBARK.SETTLEMENT_NAME,,Name
GUI.EMBARK.START,,Begin!
GUI.EMBARK.TITLE,,Choose Kingdom
GUI.EMPTY_CONTAINER_LABEL,,Empty
GUI.EMPTY_CONTAINER_LABEL.BEING_ACTIONED,,Contents are being emptied.
GUI.EMPTY_CONTAINER_LABEL.HINT,,Dump the contents of this container on the ground.
GUI.FURNITURE_ASSIGNED_TO,Used to show who owns a piece of furniture,Assigned to {{name}}
GUI.FURNITURE_BEING_REMOVED,Label for when a piece of furniture is in the process of being removed,Currently being removed
GUI.FURNITURE_REQUIREMENT.ALL_MATERIALS,,{{amount}} available
GUI.FURNITURE_REQUIREMENT.SPECIFIED_MATERIALS,,{{amount}} {{material}} available
GUI.GRAPHICS.FULLSCREEN,,Fullscreen
GUI.GRAPHICS.RESOLUTION,,Resolution
GUI.INVASION_LABEL,,Invasion
GUI.KEY_BINDING.DEBUG_FRAME_BUFFER_0,,Debug frame buffer 0
GUI.KEY_BINDING.DEBUG_FRAME_BUFFER_1,,Debug frame buffer 1
GUI.KEY_BINDING.DEBUG_FRAME_BUFFER_2,,Debug frame buffer 2
GUI.KEY_BINDING.DEBUG_FRAME_BUFFER_3,,Debug frame buffer 3
GUI.KEY_BINDING.DEBUG_FRAME_BUFFER_4,,Debug frame buffer 4
GUI.KEY_BINDING.DEBUG_FRAME_BUFFER_5,,Debug frame buffer 5
GUI.KEY_BINDING.DEBUG_FRAME_BUFFER_6,,Debug frame buffer 6
GUI.KEY_BINDING.DEBUG_FRAME_BUFFER_7,,Debug frame buffer 7
GUI.KEY_BINDING.DEBUG_FRAME_BUFFER_8,,Debug frame buffer 8
GUI.KEY_BINDING.DEBUG_FRAME_BUFFER_9,,Debug frame buffer 9
GUI.KEY_BINDING.DEBUG_GAME_SPEED_SLOW,,Debug game speed slow
GUI.KEY_BINDING.DEBUG_GAME_SPEED_ULTRA_FAST,,Debug game speed ultra fast
GUI.KEY_BINDING.DEBUG_HIDE_GUI,,Debug hide gui
GUI.KEY_BINDING.DEBUG_SHOW_INDIVIDUAL_LIGHTING_BUFFERS,,Debug show individual lighting buffers
GUI.KEY_BINDING.DEBUG_SHOW_JOB_STATUS,,Debug show job status
GUI.KEY_BINDING.DEBUG_SHOW_LIQUID_FLOW,,Debug show liquid flow
GUI.KEY_BINDING.DEBUG_SHOW_MENU,,Debug show menu
GUI.KEY_BINDING.DEBUG_SHOW_PATHFINDING_NODES,,Debug show pathfinding nodes
GUI.KEY_BINDING.DEBUG_SHOW_ZONES,,Debug show zones
GUI.KEY_BINDING.DEBUG_TOGGLE_FLOOR_OVERLAP_RENDERING,,Debug toggle floor overlap rendering
GUI.KEY_BINDING.FAST_PAN,,Fast pan
GUI.KEY_BINDING.GAME_SPEED_FAST,,Game speed fast
GUI.KEY_BINDING.GAME_SPEED_FASTER,,Game speed faster
GUI.KEY_BINDING.GAME_SPEED_FASTEST,,Game speed fastest
GUI.KEY_BINDING.GAME_SPEED_NORMAL,,Game speed normal
GUI.KEY_BINDING.PAN_CAMERA_DOWN,,Pan camera down
GUI.KEY_BINDING.PAN_CAMERA_LEFT,,Pan camera left
GUI.KEY_BINDING.PAN_CAMERA_RIGHT,,Pan camera right
GUI.KEY_BINDING.PAN_CAMERA_UP,,Pan camera up
GUI.KEY_BINDING.PAUSE,,Pause
GUI.KEY_BINDING.QUICKLOAD,,Quickload
GUI.KEY_BINDING.QUICKSAVE,,Quicksave
GUI.KEY_BINDING.ROTATE,,Rotate
GUI.KEY_BINDING.ZOOM_IN,,Zoom in
GUI.KEY_BINDING.ZOOM_OUT,,Zoom out
GUI.LEAVE_CROP_FALLOW,,No crop is currently selected to be planted
GUI.LOAD_GAME.TABLE.COPY_SEED,,Copy Seed
GUI.LOAD_GAME.TABLE.DATE_TIME,,Last modified
GUI.LOAD_GAME.TABLE.DELETE,,Delete
GUI.LOAD_GAME.TABLE.GAME_TIME,,World time
GUI.LOAD_GAME.TABLE.PLAY,,Play
GUI.LOAD_GAME.TABLE.SETTLEMENT_NAME,,Name
GUI.LOAD_GAME.TABLE.VERSION,,Version
GUI.LOAD_GAME.TITLE,,Load Game
GUI.MAP_SEED.COPY_TO_CLIPBOARD,,Copy to clipboard
GUI.MAP_SEED_DISPLAY,,"Current map seed: "
GUI.MECHANISM.SHAFT.HORIZONTAL,,Horizontal
GUI.MECHANISM.SHAFT.VERTICAL,,Vertical
GUI.MILITARY.DIALOG.ADD_SQUAD,,Name New Squad
GUI.MILITARY.DIALOG.CHOOSE_EMBLEM,,Choose Emblem For {{squadName}}
GUI.MILITARY.DIALOG.RENAME_SQUAD,,Rename Squad
GUI.MILITARY.DIALOG.SELECT_SQUAD,,Assign to New Squad
GUI.MILITARY.NEW_SQUAD,,New Squad
GUI.MILITARY.ORDERS,,Orders
GUI.MILITARY.ORDERS.ATTACK,,Attack
GUI.MILITARY.ORDERS.CANCEL_ATTACK,,Cancel Attack
GUI.MILITARY.ORDERS.GUARD,,Guard
GUI.MILITARY.ORDERS.RETREAT,,Retreat
GUI.MILITARY.ORDERS.TRAIN,,Train
GUI.MILITARY.REMOVE_SQUAD,,Remove Squad
GUI.MILITARY.REMOVE_SQUAD.DIALOG,,Are you sure you want to remove this Squad?
GUI.MILITARY.SET_FORMATION,,Set Formation
GUI.MILITARY.SET_ORDERS,,Set Orders
GUI.MILITARY.TAB.DWARVES,,Military Dwarves
GUI.MILITARY.TAB.SQUADS,,Military Squads
GUI.MILITARY.TAB.TRAINED_CIVILIANS,,Trained Civilians
GUI.MINIMAP.LABEL,,Minimap
GUI.MUSIC_VOLUME,,Music
GUI.NEXT_LABEL,,Next
GUI.NON_ROTATABLE_FURNITURE.HINT,,This furniture can not be rotated in this version of the game
GUI.OK_LABEL,,Ok
GUI.OPTIONS.AUDIO.TITLE,,Sound Options
GUI.OPTIONS.GAMEPLAY.HIDE_TREES_OBSCURING_SETTLERS,This is an option that makes trees partially transparent when a settler moves behind them,Make trees transparent when obscuring settlers
GUI.OPTIONS.GAMEPLAY.TITLE,,"Gameplay Options "
GUI.OPTIONS.GAMEPLAY.USE_EDGE_SCROLLING,This is for a question to ask if the player would like the camera to scroll/pan by placing the mouse at the edge of the screen,Scroll when cursor is at the edge of the screen
GUI.OPTIONS.GAMEPLAY.ZOOM_TO_CURSOR,This is for a question to ask if the player would like the camera to scroll/pan based on where the mouse cursor is when they zoom in or out,Scroll to cursor when zooming
GUI.OPTIONS.GRAPHICS.FULLSCREENMODE.BORDERLESS_FULLSCREEN,,Borderless
GUI.OPTIONS.GRAPHICS.FULLSCREENMODE.EXCLUSIVE_FULLSCREEN,,Exclusive fullscreen
GUI.OPTIONS.GRAPHICS.FULLSCREENMODE.WINDOWED,,Windowed
GUI.OPTIONS.GRAPHICS.TITLE,,"Graphics Options "
GUI.OPTIONS.GRAPHICS.WEATHER_EFFECTS,,Weather Effects
GUI.OPTIONS.GRAPHICS.WEATHER_EFFECTS_TOOLTIP,,Show weather effects like snow on furniture
GUI.OPTIONS.KEY_BINDINGS,,Key Bindings
GUI.OPTIONS.MISC.CRASH_REPORTING_ENABLED,,Opt In For Crash Reports
GUI.OPTIONS.MISC.TITLE,,Miscellaneous
GUI.OPTIONS.MISC.TUTORIAL_ENABLED,,Start Game With Tutorial
GUI.OPTIONS.RESET,,Reset
GUI.OPTIONS.TAB.AUDIO,,Audio
GUI.OPTIONS.TAB.GAMEPLAY,,Gameplay
GUI.OPTIONS.TAB.GRAPHICS,,Graphics
GUI.OPTIONS.TAB.MISC,,Other
GUI.OPTIONS.TAB.TWITCH,,Twitch
GUI.OPTIONS.TWITCH.ACCOUNT_LABEL,,Twitch Account:
GUI.OPTIONS.TWITCH.CODE_LABEL,,Code
GUI.OPTIONS.TWITCH.CONNECTED_LABEL,,Twitch account connected
GUI.OPTIONS.TWITCH.DISCONNECT,,Disconnect
GUI.OPTIONS.TWITCH.DISCONNECTED_LABEL,,Twitch account disconnected
GUI.OPTIONS.TWITCH.ENABLED,,Twitch integration enabled
GUI.OPTIONS.TWITCH.GENERAL_ERROR,,An error occured while communicating with Twitch
GUI.OPTIONS.TWITCH.LINK_ACCOUNT_BUTTON,,Link Twitch account
GUI.OPTIONS.TWITCH.PRIORITISE_SUBSCRIBERS,,Give priority to subscribers
GUI.OPTIONS.TWITCH.SUBMIT_BUTTON,,Submit
GUI.OPTIONS.TWITCH.TITLE,,Twitch Integration
GUI.OPTIONS.TWITCH.VIEWERS_AS_SETTLERS,,Use viewers as settler names
GUI.OPTIONS.TWITCH.VIEWERS_LABEL,,{{numViewers}} viewers
GUI.ORDERS.CHOP_WOOD,,Chop
GUI.ORDERS.CLEAR_GROUND,,Clear
GUI.ORDERS.DIG_CHANNELS,Used to dig channels in the ground for water to run through to irrigate crops,Irrigation
GUI.ORDERS.DIG_CHANNELS.TOOLTIP,,This order is used to dig channels in the ground.
GUI.ORDERS.EXTINGUISH_FLAMES," - used to put out fires by throwing buckets of water on them",Extinguish
GUI.ORDERS.EXTINGUISH_FLAMES.TOOLTIP,,This order is used to extinguish fires that are currently burning.
GUI.ORDERS.HARVEST_PLANTS,,Harvest
GUI.ORDERS.HUNT," - used to select animals to be hunted",Hunt
GUI.ORDERS.HUNT.TOOLTIP,,This order is used to select animals to be hunted.
GUI.ORDERS.MINE,,Mine
GUI.ORDERS_LABEL,,Orders
GUI.PLACE_BRIDGE.HINT,This is a longer label as a hint to the player,A bridge must cover both sides of the river and be at least 3x3 tiles in size
GUI.POWER_LABEL,,Power & Water
GUI.POWER_WATER_INFO,,{{FURNITURE.WINDMILL.PLURAL}} {{drawable|tooltip_icon_windmill}} and {{FURNITURE.WATERWHEEL.PLURAL}} {{drawable|tooltip_icon_waterwheel}} connect to powerlines {{drawable|tooltip_icon_power}}{{\n}}Powerlines {{drawable|tooltip_icon_power}} power {{FURNITURE.WATER_PUMP.PLURAL}} {{drawable|tooltip_icon_pump}} and other powered furniture{{\n}}{{FURNITURE.WATER_PUMP.PLURAL}} {{drawable|tooltip_icon_pump}} and Irrigation {{drawable|tooltip_icon_irrigation}} are connected to {{PRODUCT.STONE.PIPE.PLURAL}} {{drawable|tooltip_icon_pipes}}
GUI.PRIORITY_LABEL,,Priority
GUI.PRODUCTION_EXPORT.CHOOSE_ITEM_TYPE,,Choose Item to Export
GUI.PRODUCTION_EXPORT.LIMIT.REACHED,,Production halted - limit is set to {{quantity}}
GUI.PRODUCTION_IMPORT.CHOOSE_ITEM_TYPE,,Choose Item to Import
GUI.REMOVE_LABEL,,Remove
GUI.REMOVE_TILES,,Remove tiles
GUI.RESOURCE_MANAGEMENT.ALL_OF,,All {{item}}
GUI.RESOURCE_MANAGEMENT.AVAILABLE,,Available
GUI.RESOURCE_MANAGEMENT.AVAILABLE_OF_TOTAL,,{{available}} / {{total}} Available
GUI.RESOURCE_MANAGEMENT.ITEM_ALLOCATION_PURPOSE.CONTENTS_TO_BE_DUMPED,,{{item}} is having it's contents dumped by
GUI.RESOURCE_MANAGEMENT.ITEM_ALLOCATION_PURPOSE.CONTENTS_TO_BE_DUMPED.PLURAL,,{{item}} are having their contents dumped by
GUI.RESOURCE_MANAGEMENT.ITEM_ALLOCATION_PURPOSE.DUE_TO_BE_HAULED,,{{item}} is due for hauling
GUI.RESOURCE_MANAGEMENT.ITEM_ALLOCATION_PURPOSE.DUE_TO_BE_HAULED.PLURAL,,{{item}} are due for hauling
GUI.RESOURCE_MANAGEMENT.ITEM_ALLOCATION_PURPOSE.EQUIPPED,,{{item}} is equipped by
GUI.RESOURCE_MANAGEMENT.ITEM_ALLOCATION_PURPOSE.EQUIPPED.PLURAL,,{{item}} are equipped by
GUI.RESOURCE_MANAGEMENT.ITEM_ALLOCATION_PURPOSE.FOOD_ALLOCATION,,{{item}} is allocated to
GUI.RESOURCE_MANAGEMENT.ITEM_ALLOCATION_PURPOSE.FOOD_ALLOCATION.PLURAL,,{{item}} are allocated to
GUI.RESOURCE_MANAGEMENT.ITEM_ALLOCATION_PURPOSE.HAULING,,{{item}} is being hauled by
GUI.RESOURCE_MANAGEMENT.ITEM_ALLOCATION_PURPOSE.HAULING.PLURAL,,{{item}} are being hauled by
GUI.RESOURCE_MANAGEMENT.ITEM_ALLOCATION_PURPOSE.HELD_IN_INVENTORY,,{{item}} is in the inventory of
GUI.RESOURCE_MANAGEMENT.ITEM_ALLOCATION_PURPOSE.HELD_IN_INVENTORY.PLURAL,,{{item}} are in the inventory of
GUI.RESOURCE_MANAGEMENT.ITEM_ALLOCATION_PURPOSE.ON_FIRE,,{{item}} is on fire
GUI.RESOURCE_MANAGEMENT.ITEM_ALLOCATION_PURPOSE.ON_FIRE.PLURAL,,{{item}} are on fire
GUI.RESOURCE_MANAGEMENT.ITEM_ALLOCATION_PURPOSE.PLACED_FOR_CONSTRUCTION,,{{item}} is being placed for construction
GUI.RESOURCE_MANAGEMENT.ITEM_ALLOCATION_PURPOSE.PLACED_FOR_CONSTRUCTION.PLURAL,,{{item}} are being placed for construction
GUI.RESOURCE_MANAGEMENT.ITEM_ALLOCATION_PURPOSE.PRODUCTION_IMPORT,,{{item}} is on an import pallet
GUI.RESOURCE_MANAGEMENT.ITEM_ALLOCATION_PURPOSE.PRODUCTION_IMPORT.PLURAL,,{{item}} are on an import pallet
GUI.RESOURCE_MANAGEMENT.ITEM_ALLOCATION_PURPOSE.PRODUCTION_OUTPUT,,{{item}} is being moved to an export palle
GUI.RESOURCE_MANAGEMENT.ITEM_ALLOCATION_PURPOSE.PRODUCTION_OUTPUT.PLURAL,,{{item}} are being moved to an export pallet
GUI.RESOURCE_MANAGEMENT.QUANTIFIED_ITEM,,{{quantity}} {{item}}
GUI.RESOURCE_MANAGEMENT.SEARCH,,Search
GUI.RESOURCE_MANAGEMENT.SORT_BY,,Sort By
GUI.RESOURCE_MANAGEMENT.TITLE,,Resources
GUI.RESOURCE_MANAGEMENT.TOTAL,,Total
GUI.RESOURCE_MANAGEMENT.UNALLOCATED_LABEL,,Available: {{count}}
GUI.ROOFING.ADD,,Add
GUI.ROOMS_LABEL,,Rooms
GUI.ROTATE_FURNITURE.HINT,This is a longer label as a hint to the player,Press (R) to rotate furniture
GUI.SAVING_PROMPT,Displayed to the player when the game is paused for autosaving,Saving…
GUI.SELECT_WEAPON.LABEL,,Select weapon
GUI.SETTINGS.LABEL,,Settings
GUI.SETTLER_MANAGEMENT.CHOOSE_ARMOUR,,Choose Armour
GUI.SETTLER_MANAGEMENT.CHOOSE_SHIELD,,Choose Shield
GUI.SETTLER_MANAGEMENT.CHOOSE_WEAPON,,Choose Weapon
GUI.SETTLER_MANAGEMENT.HAPPINESS,,Happiness {{happinessValue}}
GUI.SETTLER_MANAGEMENT.IMMIGRATION,,Immigration
GUI.SETTLER_MANAGEMENT.MAIN_HAND.STATUS,,The main hand cannot be used. {{status}}
GUI.SETTLER_MANAGEMENT.OFF_HAND.STATUS,,The off hand cannot be used. {{status}}
GUI.SETTLER_MANAGEMENT.OFF_HAND.TWO_HANDED_WEAPON,,The {{weaponName}} requires two hands to use
GUI.SETTLER_MANAGEMENT.POPULATION_STATISTICS,,Civilian Population {{civilianCount}} (Civilian Beds {{civilianBedCount}}) - Military Population {{militaryCount}} (Military Beds {{militaryBedCount}}) - Total Population {{populationCount}}
GUI.SETTLER_MANAGEMENT.PROFESSION.CIVILIAN,,Civilian
GUI.SETTLER_MANAGEMENT.PROFESSION.MILITARY,,Military
GUI.SETTLER_MANAGEMENT.PROFESSION.VILLAGER,,Hauler
GUI.SETTLER_MANAGEMENT.SEARCH,,Search
GUI.SETTLER_MANAGEMENT.SORT.HAPPINESS,,Happiness
GUI.SETTLER_MANAGEMENT.SORT.MILITARY_CIVILIAN,,Military/Civilian
GUI.SETTLER_MANAGEMENT.SORT.NAME,,Name
GUI.SETTLER_MANAGEMENT.SORT.SKILL_LEVEL,,Skill Level
GUI.SETTLER_MANAGEMENT.SORT_BY,,Sort By
GUI.SETTLER_MANAGEMENT.TITLE,,Settlers
GUI.SOUND_EFFECT_VOLUME,,Sound Effects
GUI.UI_SCALE,Used to make the game interface larger or smaller,UI Scale
GUI.VIEW_MODE.DEFAULT,,Default view
GUI.VIEW_MODE.JOB_PRIORITY,,Priority view
GUI.VIEW_MODE.MECHANISMS,,Power view
GUI.VIEW_MODE.PIPING,,Piping view
GUI.VIEW_MODE.ROOFING_INFO,,Roof view
GUI.VIEW_ROADMAP,,View development roadmap
GUI.YEAR_LABEL,,Year {{year}}
GUI.ITEM.WEAPON_ATTACK_DESCRIPTION,,{{damageType}} damage ({{min}} - {{max}})
GUI.ITEM.WEAPON_ARMOR_NEGATION_DESCRIPTION,,Ignores {{value}} points of armour

HAPPINESS_MODIFIER.ALCOHOL_WITHDRAWAL,,Going sober
HAPPINESS_MODIFIER.ATE_NICELY_PREPARED_FOOD,,Ate a nicely prepared meal
HAPPINESS_MODIFIER.BLEEDING,,Bleeding profusely
HAPPINESS_MODIFIER.CARRIED_DEAD_BODY,,Carried a dead body
HAPPINESS_MODIFIER.CAUGHT_IN_RAIN,,Caught outside in the rain
HAPPINESS_MODIFIER.DRANK_ALCOHOL,,Under the effects of alcohol
HAPPINESS_MODIFIER.DRANK_FROM_RIVER,,Drank river water
HAPPINESS_MODIFIER.DYING_OF_HUNGER,,Starving
HAPPINESS_MODIFIER.DYING_OF_THIRST,,Critically dehydrated
HAPPINESS_MODIFIER.HAD_A_TANTRUM,,Had a tantrum
HAPPINESS_MODIFIER.NEW_SETTLEMENT_OPTIMISM,,Optimistic about new settlement
HAPPINESS_MODIFIER.ON_FIRE,,Was badly burned
HAPPINESS_MODIFIER.POISONED,,Poisoned
HAPPINESS_MODIFIER.SAW_DEAD_BODY,,Saw a dead body
HAPPINESS_MODIFIER.SLEEPING_IN_RAIN,,Slept in the rain
HAPPINESS_MODIFIER.SLEEPING_IN_SNOW,,Slept in the snow
HAPPINESS_MODIFIER.SLEPT_IN_BED,,Slept in a comfortable bed
HAPPINESS_MODIFIER.SLEPT_ON_GROUND,,Slept on rough ground
HAPPINESS_MODIFIER.SLEPT_OUTSIDE,,Slept under the stars
HAPPINESS_MODIFIER.TITLE,,Happiness:
HAPPINESS_MODIFIER.VERY_HUNGRY,,Very hungry
HAPPINESS_MODIFIER.VERY_THIRSTY,,Very thirsty
HAPPINESS_MODIFIER.VERY_TIRED,,Extremely tired
HAPPINESS_MODIFIER.WORKED_IN_ENCLOSED_ROOM,,Worked in an enclosed room
HAPPINESS_MODIFIER.WORKED_IN_RAIN,,Working in the rain

HAULING.ASSIGNMENT.DESCRIPTION,,{{quantity}} assigned to {{targetDescription}}

HINT.BUILD_PIPES.1,,"You can use this view to lay pipes between liquid inputs and outputs, as well as irrigation channels."
HINT.BUILD_PIPES.2,,"These are placed below the ground, so make sure your settlers can access each tile from the side."
HINT.BUILD_PIPES.3,,Furniture with a liquid input or output display a blue or green icon indicating if they are an input or output to the network.
HINT.BUILD_POWER.1,,Use this view to link constructions that require power with mechanisms built from {{PRODUCT.STONE.GEAR.PLURAL}} and shafts.
HINT.BUILD_POWER.2,,"These are placed below the ground, so make sure your settlers can access each tile from the side."
HINT.BUILD_POWER.3,,Constructions which require or produce power will display a red or green icon indicating if they are an input or output to the network.
HINT.BUILD_ROOFING.1,,"This view allows you to see which tiles are outside with no roof above them (light blue), and those which have had a roof built overhead (dark brown)."
HINT.BUILD_ROOFING.2,,"You can use the {{GUI.ROOFING.ADD}} and {{GUI.CANCEL_LABEL}} options to queue up roofing to be constructed, and {{GUI.DECONSTRUCT_LABEL}} to remove any existing roof tiles."
HINT.BUILD_ROOFING.3,,A roof can only be constructed within 3 tiles of a wall or {{FURNITURE.PILLAR}}.
HINT.BUTTON.BEGIN_TUTORIAL,,Begin Tutorial
HINT.BUTTON.DISABLE_ALL,,Disable all hints
HINT.BUTTON.DISMISS,,Dismiss
HINT.BUTTON.HINTS_ONLY,,Hints only
HINT.BUTTON.NEXT,,Next
HINT.OPEN_PRIORITY_MENU.1,,"You can use this menu to change the priority of jobs and tasks, so that higher priority jobs will be assigned before lower priority jobs."
HINT.OPEN_PRIORITY_MENU.2,,"While the Priority menu is open, the priority icons are shown in the game world where there is a job or task to be performed, or where a room or item of furniture may create jobs in the future."
HINT.TOOL_DEPLETED.AXE1,,Your settlement no longer has an {{TOOL.AXE}} available. You will no longer be able to chop down trees.
HINT.TOOL_DEPLETED.AXE2,,"More axes can be crafted at the {{FURNITURE.FORGE}}. If you do not have a {{FURNITURE.FORGE}} up and running, you may need to remove a {{FURNITURE.WOODCUTTERS_BENCH}}."
HINT.TOOL_DEPLETED.CHISEL1,,Your settlement no longer has a {{TOOL.CHISEL}} available. This is required to construct stone furniture.
HINT.TOOL_DEPLETED.CHISEL2,,"More chisels can be crafted at the {{FURNITURE.FORGE}}. If you do not have a {{FURNITURE.FORGE}} up and running, you may need to remove a {{FURNITURE.STONEMASON_WORKBENCH}}."
HINT.TOOL_DEPLETED.PLANE1,,Your settlement no longer has a {{TOOL.PLANE}} available. This is required to construct wooden furniture.
HINT.TOOL_DEPLETED.PLANE2,,More planes can be crafted at the {{FURNITURE.CARPENTRY_WORKBENCH}} from a {{RESOURCE.PLANKS.NOUN}}.
HINT.TOOL_DEPLETED.SAW1,,Your settlement no longer has a {{TOOL.SAW}} available. This is required to build a {{FURNITURE.WOODCUTTERS_BENCH}} or {{FURNITURE.CARPENTRY_WORKBENCH}}.
HINT.TOOL_DEPLETED.SAW2,,"More saws can be crafted at the {{FURNITURE.FORGE}}. If you do not have a {{FURNITURE.FORGE}} up and running, you may need to remove a {{FURNITURE.WOODCUTTERS_BENCH}} or {{FURNITURE.CARPENTRY_WORKBENCH}}."
HINT.WEAPON_SELECTION.1,,Use this view to select a type of weapon that the settler will keep in their inventory in case of combat.
HINT.WEAPON_SELECTION.2,,It is strongly recommended you assign a ranged weapon such as a {{WEAPON.BOW}} or {{WEAPON.CROSSBOW}} to those settlers assigned as a {{PROFESSION.HUNTER}}.
HINT.WEAPON_SELECTION.3,,Weapons which you do not have available are displayed in red.
HINT.WELCOME.NEXT_STEPS,,"Click “Tutorial” to be guided through the basics, “Hints only” to skip the tutorial but be provided with info as you play, or “Disable all hints” to stop showing these messages."
HINT.WELCOME.PRE_SPAWN,,"Start the game by selecting a location on the map with open space near the river, and clicking the '{{GUI.EMBARK.START}}' button."

HUMANOID.BROKEN.DESCRIPTION,"E.g. “Urist McScrooge, insane dwarf”","{{name}}, {{madness.adjective}} {{race.noun}}"
HUMANOID.DESCRIPTION,"E.g. “Urist McScrooge, Dwarven miner”","{{name}}, {{race.adjective}} {{skillLevelDescription.adjective}} {{profession.noun}}"

INGREDIENT.DOUGH,To be combined with the above as “bread dough”,Dough
INGREDIENT.FLOUR,,Flour
INGREDIENT.LOAF,To be combined with the above as “bread loaf”,Loaf
INGREDIENT.LOAF.PLURAL,,Loaves
INGREDIENT.MALT.SACK.NOUN,,Malt
INGREDIENT.MALT.SACK.TOOLTIP,,This needs to be milled before it can be used further for brewing.
INGREDIENT.MILLED.MALT.SACK.NOUN,,Milled malt
INGREDIENT.MILLED.MALT.SACK.TOOLTIP,,This is combined with water in a {{FURNITURE.MASH_TUN}} to produce {{LIQUID.WORT}}.
INGREDIENT.MUSHROOM.SPAWN.NOUN,,Mushroom spawn
INGREDIENT.MUSHROOM.SPAWN.PLURAL,,Mushroom spawn
INGREDIENT.MUSHROOM.SPAWN.TOOLTIP,,"Also known as mycelium, this can be thought of as “seeds” from which to grow mushrooms in a {{ROOMS.MUSHROOM_FARM}}."
INGREDIENT.SEEDS.NOUN,E.g. “Wheat seed”,Seed
INGREDIENT.SEEDS.PLURAL,E.g. “4 wheat seeds”,Seeds
INGREDIENT.SEEDS.TOOLTIP,,Seeds of the right type are required for planting in a {{ROOMS.FARM}}. They also need to be available in a {{STOCKPILE.GRANARY}} stockpile.
INGREDIENT.VEGETABLE.CRATE.NOUN,,Vegetable (crate)
INGREDIENT.VEGETABLE.CRATE.PLURAL,,Vegetables (crate)
INGREDIENT.VEGETABLE.SACK.NOUN,,Vegetable (sack)
INGREDIENT.VEGETABLE.SACK.PLURAL,,Vegetables (sack)

INVENTORY.CONTAINS.LABEL,This is the label of “inventory” to go above a list of items contained within a piece of furniture or held by a character,Inventory:

ITEM.AVAILABILITY.DESCRIPTION,E.g. “2 potatoes”,{{quantity}} {{materialType.adjective}} {{itemType.noun_or_plural}} available
ITEM.DESCRIPTION,"E.g. “Iron axe”, “Beech wood fishing rod”, “3 marble blocks”",{{quantity_if_multiple}} {{quality.adjective}} {{materialType.adjective}} {{itemType.noun_or_plural}}
ITEM.INGREDIENT.DESCRIPTION,E.g. “2 potatoes”,{{quantity_if_multiple}} {{materialType.noun_or_plural}}
ITEM.NONE_SELECTED,,None selected
ITEM.QUALITY.PREFIX.AWFUL.ADJECTIVE,,Awful
ITEM.QUALITY.PREFIX.AWFUL.TOOLTIP,,"This item is terribly made, difficult to use, and would not be worth very much"
ITEM.QUALITY.PREFIX.MASTERWORK.ADJECTIVE,,Masterwork
ITEM.QUALITY.PREFIX.MASTERWORK.TOOLTIP,,"This item has clearly been made by a master craftsman, it is ideal in every way"
ITEM.QUALITY.PREFIX.POOR.ADJECTIVE,,Poor
ITEM.QUALITY.PREFIX.POOR.TOOLTIP,,This item is poorly made and will slightly impede anyone using it
ITEM.QUALITY.PREFIX.SUPERIOR.ADJECTIVE,,Superior
ITEM.QUALITY.PREFIX.SUPERIOR.TOOLTIP,,"This item has been crafted with great skill, making it more valuable and easier to use"

ITEM_GROUP.FUEL.PLURAL,,Fuel
ITEM_GROUP.PRODUCT.PLURAL,,Products
ITEM_GROUP.RESOURCE.PLURAL,,Resources
ITEM_GROUP.TOOL.PLURAL,,Tools

LANGUAGE.LABEL,,Language

LIQUID.BEER.NOUN,,Beer
LIQUID.BEER.TOOLTIP,,"Beloved by dwarves, this will provide a substantial happiness bonus for a while. The only problem is that they will eventually require it to get through the working day."
LIQUID.HOPPED_WORT.NOUN,,Hopped wort
LIQUID.HOPPED_WORT.TOOLTIP,,This is the final stage of unfermented beer before it is placed in a {{FERMENTATION_TANK}} to produce drinkable beer.
LIQUID.WATER.NOUN,,Water
LIQUID.WORT.NOUN,,Wort
LIQUID.WORT.TOOLTIP,,"This is unfermented beer, it requires {{VEGETABLE.HOPS}} to be added in a {{FURNITURE.BREW_KETTLE}} for flavour before it can be fermented."

MADNESS.BROKEN.ADJECTIVE,,Broken
MADNESS.BROKEN.TOOLTIP,,"This settler was so unhappy that they have been pushed past the breaking point and will no longer work or even eat! "

MATERIAL,Used for specifying which material something is made out of,Material

MATERIAL_TYPE,,Type
MATERIAL_TYPE.ANY,For allowing any kind of material to be used,Any
MATERIAL_TYPE.CLOTH.ADJECTIVE,," "
MATERIAL_TYPE.CLOTH.NOUN,," "
MATERIAL_TYPE.EARTH.ADJECTIVE,,Earthen
MATERIAL_TYPE.EARTH.NOUN,,Earth
MATERIAL_TYPE.FOODSTUFF.NOUN,,Food
MATERIAL_TYPE.GEM.NOUN,This is only used as a noun,Gem
MATERIAL_TYPE.METAL.ADJECTIVE,,Metallic
MATERIAL_TYPE.METAL.NOUN,,Metal
MATERIAL_TYPE.ORE.NOUN,This is only used as a noun,Ore
MATERIAL_TYPE.OTHER.NOUN,This isn't actually used in-game yet so won't be combined with other words,Other
MATERIAL_TYPE.ROPE.ADJECTIVE,," "
MATERIAL_TYPE.ROPE.NOUN,," "
MATERIAL_TYPE.SEED.NOUN,For saying something is “made up of seed”,Seed
MATERIAL_TYPE.SKIN.ADJECTIVE,," "
MATERIAL_TYPE.SKIN.NOUN,," "
MATERIAL_TYPE.STONE.ADJECTIVE,,
MATERIAL_TYPE.STONE.NOUN,,Stone
MATERIAL_TYPE.VEGETABLE.NOUN,Used to make up “Vegetable soup”,Vegetable
MATERIAL_TYPE.VITRIOL.ADJECTIVE,,Vitriol of
MATERIAL_TYPE.VITRIOL.NOUN,,Vitriol
MATERIAL_TYPE.WOOD.ADJECTIVE,,Wooden
MATERIAL_TYPE.WOOD.NOUN,,Wood

MEAT.BOAR_MEAT,,Boar
MEAT.CARP_MEAT.NOUN,,Carp
MEAT.CARP_MEAT.PLURAL,,Carp
MEAT.DEER_MEAT,,Deer
MEAT.DWARF_FLESH,,Dwarf flesh
MEAT.ELEPHANT_MEAT,,Elephant
MEAT.FOX_MEAT,,Fox
MEAT.HORSE_MEAT,,Horse
MEAT.PERCH_MEAT.NOUN,,Perch
MEAT.PERCH_MEAT.PLURAL,,Perch
MEAT.PIKE_MEAT.NOUN,,Pike
MEAT.PIKE_MEAT.PLURAL,,Pike

MECHANISM.FURNITURE.CONSUMING_POWER,,Working - consuming {{power}} power
MECHANISM.FURNITURE.CRAFTING_STATION_REQUIRES_POWER,,Working very slowly - not enough power
MECHANISM.FURNITURE.CRAFTING_STATION_REQUIRES_POWER.TOOLTIP,,This furniture requires an underground power connection to a power-producer such as a {{FURNITURE.WINDMILL}} or {{FURNITURE.WATERWHEEL}}.
MECHANISM.FURNITURE.PRODUCING_POWER,,Working - producing {{power}} power
MECHANISM.FURNITURE.REQUIRES_OUTSIDE_PLACEMENT,,This must be outside to function correctly
MECHANISM.FURNITURE.REQUIRES_POWER,,Disabled - not enough power
MECHANISM.FURNITURE.REQUIRES_POWER.TOOLTIP,,This furniture requires an underground power connection to a power-producer such as a {{FURNITURE.WINDMILL}} or {{FURNITURE.WATERWHEEL}}.
MECHANISM.FURNITURE.REQUIRES_POWER_GRID,,Disabled - connect to an underground power connection
MECHANISM.FURNITURE.REQUIRES_POWER_GRID.TOOLTIP,,This furniture requires an underground power connection - see the {{GUI.BUILD.POWER}} option in the {{GUI.BUILD_LABEL}} menu.
MECHANISM.STONE.GEAR.NOUN,,Gear assembly
MECHANISM.STONE.GEAR.TOOLTIP,,This contraption links up mechanical power in all 4 directions.
MECHANISM.WOODEN.SHAFT.NOUN,,Shaft
MECHANISM.WOODEN.SHAFT.TOOLTIP,,A wooden shaft links mechanical power in 2 directions.

MENU.CONTINUE_GAME,,Continue
MENU.CREDITS,,Credits
MENU.JOIN_DISCORD,,Join Discord
MENU.SOURCE_CODE,,Source Code
MENU.LINK_TWITCH_ACCOUNT,,Link Twitch
MENU.LOAD_GAME,,Load
MENU.MODS,,Mods
MENU.NEW_GAME,,New Game
MENU.OPTIONS,,Options
MENU.QUIT,,Quit
MENU.SAVE_AND_QUIT,,Save & Quit
MENU.TOGGLE_FULLSCREEN,,Toggle fullscreen

METAL.BRONZE.ADJECTIVE,,Bronze
METAL.BRONZE.NOUN,,Bronze
METAL.BRONZE.TOOLTIP,,Bronze is an alloy of copper and tin. It is harder and much more durable than copper alone. (Alloys have not yet been implemented)
METAL.COPPER.ADJECTIVE,,Copper
METAL.COPPER.NOUN,,Copper
METAL.COPPER.TOOLTIP,,"As well as occuring naturally as {{ORE.NATIVE_COPPER.NOUN}}, it is also easy to smelt from {{ORE.MALACHITE.NOUN}} ore. Copper has many uses, particularly in coinage, though it is not hard enough to create effective weapons."
METAL.COPPER_PATINA.ADJECTIVE,,Copper
METAL.COPPER_PATINA.NOUN,,Copper (Patina)
METAL.COPPER_PATINA.TOOLTIP,,{{METAL.COPPER.TOOLTIP}}
METAL.GOLD.ADJECTIVE,,Golden
METAL.GOLD.NOUN,,Gold
METAL.GOLD.TOOLTIP,,"The king of metals. Although it is not the rarest or most valuable, gold is the most coveted metal by most races – particularly dwarves."
METAL.IRON.ADJECTIVE,,Iron
METAL.IRON.NOUN,,Iron
METAL.IRON.TOOLTIP,,It is a poor military which does not have access to iron. Dwarven metalsmiths know the secrets of working this into {{METAL.STEEL.NOUN}}.
METAL.PLATINUM.ADJECTIVE,,Platinum
METAL.PLATINUM.NOUN,,Platinum
METAL.PLATINUM.TOOLTIP,,A silver-white metal that is highly resistant to corrosion. Platinum is rarer and therefore more valuable than {{METAL.GOLD.NOUN}}.
METAL.RUSTED_IRON.ADJECTIVE,,Rusted iron
METAL.RUSTED_IRON.NOUN,,Rust
METAL.RUSTED_IRON.TOOLTIP,,Iron turns to rust when exposed to rain for a long period. Eventually this will decay completely!
METAL.SILVER.ADJECTIVE,,Silver
METAL.SILVER.NOUN,,Silver
METAL.SILVER.TOOLTIP,,"Like {{METAL.GOLD.NOUN}}, silver is often used for coinage and as solid bars for the trading of wealth. "
METAL.STEEL.ADJECTIVE,,Steel
METAL.STEEL.NOUN,,Steel
METAL.STEEL.TOOLTIP,,"Far stronger than {{METAL.IRON.NOUN}} which makes for superior weapons and tools, only the dwarves know the secret of creating steel."
METAL.TIN.ADJECTIVE,,Tin
METAL.TIN.NOUN,,Tin
METAL.TIN.TOOLTIP,,Tin can be smelted from {{ORE.CASSITERITE.NOUN}} and alloyed with {{METAL.COPPER.NOUN}} to produce {{METAL.BRONZE.NOUN}}. (Alloys have not yet been implemented)
METAL.DURALUMINIUM.ADJECTIVE,,Duraluminium
METAL.DURALUMINIUM.NOUN,,Duraluminium
METAL.DURALUMINIUM.TOOLTIP,,A silvery alloy made from copper and aluminium. It is light and strong.


MILITARY.FORMATION.COLUMN,,Column - Narrow
MILITARY.FORMATION.COLUMN_DOUBLE,,Column - Wide
MILITARY.FORMATION.COLUMN_SINGLE,,Column
MILITARY.FORMATION.GRID,,Grid - Narrow
MILITARY.FORMATION.GRID_DOUBLE,,Grid - Wide
MILITARY.FORMATION.GRID_SINGLE,,Grid
MILITARY.FORMATION.LINE,,Line - Narrow
MILITARY.FORMATION.LINE_DOUBLE,,Line - Wide
MILITARY.FORMATION.LINE_SINGLE,,Line
MILITARY.SQUAD.DEFAULT_NAME,,Squad
MILITARY.SQUAD.ORDER_DESCRIPTION.COMBAT,,In Combat
MILITARY.SQUAD.ORDER_DESCRIPTION.GUARDING,,Guarding
MILITARY.SQUAD.ORDER_DESCRIPTION.OFF_DUTY,,Off Duty
MILITARY.SQUAD.ORDER_DESCRIPTION.RETREATING,,Retreating
MILITARY.SQUAD.ORDER_DESCRIPTION.TRAINING,,Training
MILITARY.SQUAD.SHIFT.DAYTIME,Used to assign a squad to active duty during the daytime,Day shift
MILITARY.SQUAD.SHIFT.NIGHTTIME,Used to assign a squad to active duty during the nighttime,Night shift

MODS.APPLY,,Apply
MODS.BUTTON.BROWSE,,Browse Mods
MODS.BUTTON.REFRESH,,Refresh
MODS.COMPATIBILITY.COMPATIBLE,,Yes
MODS.COMPATIBILITY.INCOMPATIBLE,,No
MODS.COMPATIBILITY.UNKNOWN,,Unknown
MODS.EMAIL_LOGIN.CHECK_EMAIL,,"Check your email for an authentication code. If you do not receive an email, please check your spam folder."
MODS.EMAIL_LOGIN.CODE_LABEL,,6 Digit Code:
MODS.EMAIL_LOGIN.EMAIL,,Enter your email address to receive an authentication code.
MODS.EMAIL_LOGIN.EMAIL_LABEL,,Email:
MODS.EMAIL_LOGIN.ERROR,,"An error occurred while communicating to the server. Either the server is down, the email address is invalid, or you are not connected to the internet."
MODS.EMAIL_LOGIN.INFO,,"To download and update mods, you must connect to the Mod.io platform."
MODS.EMAIL_LOGIN.REQUEST_CODE,,Request Code
MODS.EMAIL_LOGIN.SUBMIT_CODE,,Submit
MODS.INCOMPATIBLE_VERSION_DESCRIPTION,,The mod's game version ({{modGameVersion}}) is incompatible with the current game version ({{gameVersion}})
MODS.MISSING_HOMEPAGE_URL,,The author(s) of this mod have not included a website to visit
MODS.MISSING_MODS_DIALOG_TEXT,,This save file was last used while the following mods were active. These mods are now missing or disabled so the save may not load correctly.
MODS.MISSING_MODS_SAVE_EXCEPTION_DIALOG_TEXT,,"The save file could not be loaded because either it is incompatible with this version of the game, or because some mods have been disabled or removed since this save was last loaded. The following mods were expected but are no longer active:"
MODS.SYNC_IN_PROGRESS,,Please wait while the mod list is being updated. This may take a few minutes.
MODS.TABLE.COMPATIBILITY,,Compatible
MODS.TABLE.ENABLED,,Enable
MODS.TABLE.NAME,,Name
MODS.TABLE.ORDERING,,Re-order
MODS.TABLE.VERSION,,Version

MUSHROOM.DESCRIPTION,E.g. “Toadstool mushroom”,{{materialType.noun}}

NEEDS.DRINK,,Drink
NEEDS.FOOD,,Food
NEEDS.SLEEP,,Sleep

NOTIFICATION.AREA_REVEALED.DESCRIPTION,,Your miners have discovered a new area!
NOTIFICATION.AREA_REVEALED.TITLE,,Exploration
NOTIFICATION.CARAVAN_BLOCKED.DESCRIPTION,,"A trade caravan is waiting at the edge of the map, but there is no way through to you. Open a path within three days or the caravan will leave. Go to the location to see where the way is cut off."
NOTIFICATION.CARAVAN_BLOCKED.TITLE,,The caravan cannot get through
NOTIFICATION.CARAVAN_LEFT.DESCRIPTION,,The traders gave up waiting for a way through and left.
NOTIFICATION.CARAVAN_LEFT.TITLE,,The caravan has left
NOTIFICATION.DEATH.DESCRIPTION,,"{{character}}, has died due to {{reason}}."
NOTIFICATION.DEATH.KILLED_BY_DESCRIPTION,,Killed by {{killer}}
NOTIFICATION.DEATH.SHORT_DESCRIPTION,,Died due to {{reason}}
NOTIFICATION.DEATH.TITLE,,Settler Death
NOTIFICATION.FIRE_STARTED.DESCRIPTION,,A fire has broken out in your settlement!
NOTIFICATION.FIRE_STARTED.TITLE,,Fire!
NOTIFICATION.FISH_EXHAUSTED.DESCRIPTION,,You have over-fished the river to such an extent that there are no more fish left. You will have to wait until the spawning season next spring for the fish to return.
NOTIFICATION.FISH_EXHAUSTED.TITLE,,Fish Depopulated
NOTIFICATION.GAME_OVER.DESCRIPTION,,All things must come to an end. Your settlement lies abandoned.
NOTIFICATION.GAME_OVER.TITLE,,Game Over
NOTIFICATION.IMMIGRANTS_ARRIVED.DESCRIPTION,,"A new settler has arrived, drawn by the prosperity of your settlement."
NOTIFICATION.IMMIGRANTS_ARRIVED.TITLE,,New arrival
NOTIFICATION.IMMIGRANT_BLOCKED.DESCRIPTION,,A newcomer cannot reach your settlement: there is no open path from the edge of the map. They will try again tomorrow. Go to the location to see where the way is cut off.
NOTIFICATION.IMMIGRANT_BLOCKED.TITLE,,No way in
NOTIFICATION.INVASION.DESCRIPTION,,A raiding party of orcs has arrived. Prepare yourselves! They will attack after preparing for a while.
NOTIFICATION.INVASION.TITLE,,You are being invaded!
NOTIFICATION.MINING_COLLAPSE.DESCRIPTION,,An area has caved in due to a lack of pillars and supports.
NOTIFICATION.MINING_COLLAPSE.TITLE,,Mining Collapse
NOTIFICATION.OXIDISATION_DESTRUCTION.DESCRIPTION,,An item or piece of furniture has been destroyed due to prolonged exposure to rain.\nSome materials such as iron and steel should not be left outside for a long period.
NOTIFICATION.OXIDISATION_DESTRUCTION.TITLE,,Rusted Away
NOTIFICATION.PIRATE_INVASION.DESCRIPTION,,Pirates have arrived! Don't let them steal your stuff!
NOTIFICATION.PIRATE_INVASION.TITLE,,Pirates!
NOTIFICATION.ROOFING_COLLAPSE.DESCRIPTION,,A roof has collapsed due to a lack of pillars and supports.
NOTIFICATION.ROOFING_COLLAPSE.TITLE,,Roof Collapsed
NOTIFICATION.SETTLER_MENTAL_BREAK.DESCRIPTION,,The gruelling hardship has proven to be too much to handle for {{character}}.
NOTIFICATION.SETTLER_MENTAL_BREAK.TITLE,,Mental Break
NOTIFICATION.SETTLER_STUCK.DESCRIPTION,,"A settler has become stuck, unable to find a drink. Act quickly!"
NOTIFICATION.SETTLER_STUCK.TITLE,,Trapped!
NOTIFICATION.SETTLER_TANTRUM.DESCRIPTION,,{{character}} has become so unhappy that they are throwing a tantrum!
NOTIFICATION.SETTLER_TANTRUM.TITLE,,Tantrum!
NOTIFICATION.TRADER_ARRIVED.DESCRIPTION,,They are heading to your Trading Depot to buy and sell goods.
NOTIFICATION.TRADER_ARRIVED.TITLE,,Traders have arrived!
NOTIFICATION.TRADER_ARRIVED_NO_DEPOT.DESCRIPTION,,You must construct a Trading Depot to buy and sell goods.
NOTIFICATION.TRADER_ARRIVED_NO_DEPOT.TITLE,,Traders have arrived!

ORE.BAUXITE.ADJECTIVE,,Bauxite
ORE.BAUXITE.NOUN,,Bauxite
ORE.BAUXITE.TOOLTIP,,"Bauxite is the primary ore of aluminium. Unfortunately, a means of aluminium production is yet to be discovered."
ORE.BITUMINOUS_COAL.ADJECTIVE,,Bituminous coal
ORE.BITUMINOUS_COAL.NOUN,,Bituminous coal
ORE.BITUMINOUS_COAL.TOOLTIP,,This can be converted into {{ORE.COKE.NOUN}} using a {{FURNITURE.COKE_OVEN}}.
ORE.CASSITERITE.ADJECTIVE,,Cassiterite
ORE.CASSITERITE.NOUN,,Cassiterite
ORE.CASSITERITE.TOOLTIP,,An ore that can be smelted to produce {{METAL.TIN.NOUN}}.
ORE.CHARCOAL.ADJECTIVE,,Charcoal
ORE.CHARCOAL.NOUN,,Charcoal
ORE.CHARCOAL.TOOLTIP,,{{FUEL.SACK}} produced from wooden {{RESOURCE.LOGS.PLURAL}}.
ORE.CHRYSOCOLLA.ADJECTIVE,,Chrysocolla
ORE.CHRYSOCOLLA.NOUN,,Chrysocolla
ORE.CHRYSOCOLLA.TOOLTIP,,"Often confused with turquoise, it is actually an ore of {{METAL.COPPER}}."
ORE.COKE.ADJECTIVE,,Coke
ORE.COKE.NOUN,,Coke
ORE.COKE.TOOLTIP,,A refined form of {{ORE.BITUMINOUS_COAL}} which can be used as {{FUEL.SACK}}.
ORE.GALENA.ADJECTIVE,,Galena
ORE.GALENA.NOUN,,Galena
ORE.GALENA.TOOLTIP,,An ore that can be smelted to produce {{METAL.SILVER}}.
ORE.HEMATITE.ADJECTIVE,,Hematite
ORE.HEMATITE.NOUN,,Hematite
ORE.HEMATITE.TOOLTIP,,An ore that can be smelted to produce {{METAL.IRON}}.
ORE.ILMENITE.ADJECTIVE,,Ilmenite
ORE.ILMENITE.NOUN,,Ilmenite
ORE.ILMENITE.TOOLTIP,,"Ilmenite is the primary ore of titanium. Unfortunately, a means of titanium production is yet to be discovered."
ORE.MALACHITE.ADJECTIVE,,Malachite
ORE.MALACHITE.NOUN,,Malachite
ORE.MALACHITE.TOOLTIP,,An ore that can be smelted to produce {{METAL.COPPER}}.
ORE.NATIVE_COPPER.ADJECTIVE,,Native copper
ORE.NATIVE_COPPER.NOUN,,Native copper
ORE.NATIVE_COPPER.TOOLTIP,,Naturally-occuring {{METAL.COPPER}} which must be smelted before use.
ORE.NATIVE_GOLD.ADJECTIVE,,Native gold
ORE.NATIVE_GOLD.NOUN,,Native gold
ORE.NATIVE_GOLD.TOOLTIP,,Naturally-occuring {{METAL.GOLD}} which must be smelted before use.
ORE.NATIVE_PLATINUM.ADJECTIVE,,Native platinum
ORE.NATIVE_PLATINUM.NOUN,,Native platinum
ORE.NATIVE_PLATINUM.TOOLTIP,,Naturally-occuring {{METAL.PLATINUM}} which must be smelted before use.
ORE.NATIVE_SILVER.ADJECTIVE,,Native silver
ORE.NATIVE_SILVER.NOUN,,Native silver
ORE.NATIVE_SILVER.TOOLTIP,,Naturally-occuring {{METAL.SILVER}} which must be smelted before use.
ORE.POLLUCITE.ADJECTIVE,,Pollucite
ORE.POLLUCITE.NOUN,,Pollucite
ORE.POLLUCITE.TOOLTIP,,"Pollucite is an ore of Caesium, which is currently too dangerous to produce. Particularly crazy dwarven metalsmiths are currently trying to find a reliable method of production."
ORE.PYRITE.ADJECTIVE,,Fool's gold
ORE.PYRITE.NOUN,,Fool's gold
ORE.PYRITE.TOOLTIP,,"Also known as Pyrite, its pale-yellow appearance causes some to mistake it for gold. It has several uses when crushed, but care must be taken as it sparks when struck."
ORE.THORIUM.ADJECTIVE,,Thorium
ORE.THORIUM.NOUN,,Thorium
ORE.THORIUM.TOOLTIP,,A silvery metallic ore which turns black when exposed to air. It is strangely warm to the touch.
ORE.WOLFRAMITE.ADJECTIVE,,Wolframite
ORE.WOLFRAMITE.NOUN,,Wolframite
ORE.WOLFRAMITE.TOOLTIP,,A metallic ore which complicates the smelting of tin. It has too high a melting point to be smelted with normal processes.

OTHER.ASH,,Charred
OTHER.BRICK.NOUN,,Brick
OTHER.CLAY_SOIL.NOUN,,Clay soil
OTHER.GRASS.NOUN,,

PRIORITY.DISABLED,,Disabled
PRIORITY.HIGHER,,Higher priority
PRIORITY.HIGHEST,,Highest priority
PRIORITY.LOWER,,Lower priority
PRIORITY.LOWEST,,Lowest priority
PRIORITY.NORMAL,,Normal priority

PRIVACY.OPT_IN.ACCEPT_BUTTON,,I Accept
PRIVACY.OPT_IN.DATA_POINT.1,,• The version of the game client
PRIVACY.OPT_IN.DATA_POINT.2,,• Your options settings
PRIVACY.OPT_IN.DATA_POINT.3,,• The status of the game at the time of the crash
PRIVACY.OPT_IN.DESCRIPTION,,"Mountaincore is in active development. To help diagnose and fix bugs, please click ""I Accept"" below to send anonymous crash reports automatically. \n\nThis is made up of only the following data:"
PRIVACY.OPT_IN.DO_NOT_ACCEPT_BUTTON,,Disable Reporting

PRODUCT.ANVIL,,Anvil
PRODUCT.ANVIL.PLURAL,,Anvils
PRODUCT.ANVIL.TOOLTIP,,A large block of metal used to hammer heated metal into shape. Required to construct a {{FURNITURE.FORGE}}.
PRODUCT.BARREL.HOOPS,,Barrel hoops
PRODUCT.BARREL.HOOPS.TOOLTIP,,Metal hoops used to construct a {{PRODUCT.BARREL.NOUN}}. Also used in some machinery.
PRODUCT.BARREL.NOUN,,Barrel
PRODUCT.BARREL.PLURAL,,Barrels
PRODUCT.BARREL.STAVES,,Barrel staves
PRODUCT.BARREL.STAVES.TOOLTIP,,Curved wooden planks used to construct a {{PRODUCT.BARREL.NOUN}}.
PRODUCT.BARREL.TOOLTIP,,A cylindrical container for liquids. The curved shape makes it easier to roll around.
PRODUCT.BOWL,A bowl for eating from,Bowl
PRODUCT.BOWL.DESCRIPTION,E.g. “Bowl of vegetable soup”,Bowl of {{cooking.soup.description}}
PRODUCT.BOWL.PLURAL,,Bowls
PRODUCT.BREAD.DOUGH.NOUN,,Dough
PRODUCT.BREAD.DOUGH.PLURAL,,Dough
PRODUCT.BREAD.DOUGH.TOOLTIP,,A mix of ingredients that can be baked into {{PRODUCT.BREAD.LOAF.PLURAL}} using an {{FURNITURE.BAKING_OVEN}}.
PRODUCT.BREAD.LOAF.NOUN,Translations incorrect and need fixing,Bread loaf
PRODUCT.BREAD.LOAF.PLURAL,Translations incorrect and need fixing,Bread loaves
PRODUCT.BREAD.LOAF.TOOLTIP,,"Prepared bread, ready to eat!"
PRODUCT.BUCKET.NOUN,,Bucket
PRODUCT.BUCKET.PLURAL,,Buckets
PRODUCT.BUCKET.TOOLTIP,,A small container used to move liquids around by hand.
PRODUCT.CAULDRON,A large metal pot for cooking (common with Halloween),Cauldron
PRODUCT.CAULDRON.PLURAL,,Cauldrons
PRODUCT.CAULDRON.TOOLTIP,,"Used by a {{PROFESSION.CHEF}} to prepare soup in a {{ROOMS.KITCHEN}}, where it is then moved to a {{ROOMS.FEASTING_HALL}}."
PRODUCT.CHEST.NOUN,,Chest
PRODUCT.CHEST.PLURAL,,Chests
PRODUCT.CHEST.TOOLTIP,,Used to store coins for trading.
PRODUCT.LEATHER.NOUN,,Leather
PRODUCT.LEATHER.PLURAL,,Leather
PRODUCT.LINEN.NOUN,,Linen
PRODUCT.LINEN.PLURAL,,Linen
PRODUCT.LINEN.TOOLTIP,,"A roll of fabric, primarily used for bedding."
PRODUCT.LIQUID.TANK,,Tank
PRODUCT.LIQUID.TANK.PLURAL,,Tanks
PRODUCT.LIQUID.TANK.TOOLTIP,,"This is a metal container used to store liquids, which must be crafted at the {{FURNITURE.FORGE}}."
PRODUCT.MILLSTONE,,Millstone
PRODUCT.MILLSTONE.PLURAL,,Millstones
PRODUCT.MILLSTONE.TOOLTIP,,Two large stone discs that are ground together to mill harvested crops. Used to construct a {{FURNITURE.FLOUR_MILL}}.
PRODUCT.RATION.DOUGH.NOUN,,Ration dough
PRODUCT.RATION.DOUGH.PLURAL,,Ration dough
PRODUCT.RATION.DOUGH.TOOLTIP,,A mix of ingredients that can be baked into {{PRODUCT.RATION.LOAF.PLURAL}} using an {{FURNITURE.BAKING_OVEN}}.
PRODUCT.RATION.NOUN,,Ration
PRODUCT.RATION.PLURAL,,Rations
PRODUCT.RATION.TOOLTIP,,"These will last a long time to feed your settlers, but you will need other sources of food as a priority."
PRODUCT.ROPE.NOUN,,Rope
PRODUCT.ROPE.PLURAL,,Ropes
PRODUCT.STONE.GEAR.NOUN,,Gear
PRODUCT.STONE.GEAR.PLURAL,,Gears
PRODUCT.STONE.GEAR.TOOLTIP,,Used in the construction of mechanisms.
PRODUCT.STONE.PIPE.NOUN,,Pipe
PRODUCT.STONE.PIPE.PLURAL,,Pipes
PRODUCT.STONE.PIPE.TOOLTIP,,Used for liquids to flow between tiles underground.
PRODUCT.WATERSKIN.NOUN,,Waterskin
PRODUCT.WATERSKIN.PLURAL,,Waterskins
PRODUCT.WOODEN.SHAFT.HORIZONTAL.NOUN,,Horizontal shaft
PRODUCT.WOODEN.SHAFT.HORIZONTAL.PLURAL,,Horizontal shafts
PRODUCT.WOODEN.SHAFT.HORIZONTAL.TOOLTIP,,Used to connect mechanisms which produce and require power.
PRODUCT.WOODEN.SHAFT.VERTICAL.NOUN,,Vertical shaft
PRODUCT.WOODEN.SHAFT.VERTICAL.PLURAL,,Vertical shafts
PRODUCT.WOODEN.SHAFT.VERTICAL.TOOLTIP,,Used to connect mechanisms which produce and require power.

PROFESSION.ARTISAN.FEMALE_NOUN,,Artisan
PROFESSION.ARTISAN.MALE_NOUN,,Artisan
PROFESSION.ARTISAN.PLURAL,,Artisans
PROFESSION.ARTISAN.VERB,,Fabricating
PROFESSION.BAKER.VERB,,Baking
PROFESSION.BLACKSMITH.FEMALE_NOUN,,Blacksmith
PROFESSION.BLACKSMITH.MALE_NOUN,,Blacksmith
PROFESSION.BLACKSMITH.PLURAL,,Blacksmiths
PROFESSION.BLACKSMITH.TOOLTIP,,Crafts items using metal and also produces metal from ore.
PROFESSION.BLACKSMITH.VERB,,Forging
PROFESSION.BREWER.FEMALE_NOUN,,Brewer
PROFESSION.BREWER.MALE_NOUN,,Brewer
PROFESSION.BREWER.PLURAL,,Brewers
PROFESSION.BREWER.TOOLTIP,,Produces beer in a {{ROOMS.BREWERY}}.
PROFESSION.BREWER.VERB,,Brewing
PROFESSION.CARPENTER.FEMALE_NOUN,,Carpenter
PROFESSION.CARPENTER.MALE_NOUN,,Carpenter
PROFESSION.CARPENTER.PLURAL,,Carpenters
PROFESSION.CARPENTER.TOOLTIP,,Creates wooden furniture and items.
PROFESSION.CARPENTER.VERB,,Crafting
PROFESSION.CHEF.FEMALE_NOUN,,Chef
PROFESSION.CHEF.MALE_NOUN,,Chef
PROFESSION.CHEF.PLURAL,,Chefs
PROFESSION.CHEF.TOOLTIP,,Prepares all of the food to be consumed by your settlers.
PROFESSION.CHEF.VERB,,Cooking
PROFESSION.DESCRIPTION,,{{skillLevelDescription.adjective}} {{profession.noun}}
PROFESSION.FARMER.FEMALE_NOUN,,Farmer
PROFESSION.FARMER.MALE_NOUN,,Farmer
PROFESSION.FARMER.PLURAL,,Farmers
PROFESSION.FARMER.TOOLTIP,,"Plants, tends and harvests crops."
PROFESSION.FARMER.VERB,,Farming
PROFESSION.FISHER.FEMALE_NOUN,This could be “fisherman” and “fisherwoman”,Fisher
PROFESSION.FISHER.MALE_NOUN,,Fisher
PROFESSION.FISHER.TOOLTIP,,Catches fish from bodies of water for use as food and resources.
PROFESSION.FISHER.VERB,,Fishing
PROFESSION.HUNTER.FEMALE_NOUN,This could be “huntsman” and “huntress”,Hunter
PROFESSION.HUNTER.MALE_NOUN,,Hunter
PROFESSION.HUNTER.TOOLTIP,,Tracks and kills wild animals for their meat and pelts.
PROFESSION.HUNTER.VERB,,Hunting
PROFESSION.LEATHERWORKER.FEMALE_NOUN,,Leatherworker
PROFESSION.LEATHERWORKER.MALE_NOUN,,Leatherworker
PROFESSION.LEATHERWORKER.PLURAL,,Leatherworkers
PROFESSION.LEATHERWORKER.TOOLTIP,,Treats the hides of creatures to produce leather goods.
PROFESSION.LEATHERWORKER.VERB,,Leatherworking
PROFESSION.MAYOR.FEMALE_NOUN,"In English at least, “mayoress” is incorrect",Mayor
PROFESSION.MAYOR.MALE_NOUN,,Mayor
PROFESSION.MAYOR.VERB,,Governing
PROFESSION.MERCHANT.FEMALE_NOUN,,Merchant
PROFESSION.MERCHANT.MALE_NOUN,,Merchant
PROFESSION.MERCHANT.VERB,,Trading
PROFESSION.MILLER.VERB,"Not a fully implemented profession, just used to describe “Milling flour”",Milling
PROFESSION.MINER.FEMALE_NOUN,,Miner
PROFESSION.MINER.MALE_NOUN,,Miner
PROFESSION.MINER.PLURAL,,Miners
PROFESSION.MINER.TOOLTIP,,Excavates new areas using a {{TOOL.PICKAXE}}.
PROFESSION.MINER.VERB,,Mining
PROFESSION.NOBLE.FEMALE_NOUN,,Noble
PROFESSION.NOBLE.MALE_NOUN,,Noble
PROFESSION.NOBLE.TOOLTIP,,"Nobles do not fulfil jobs in the same way as common settlers, but bring fame and prestige to your settlement."
PROFESSION.NOBLE.VERB,,Reigning
PROFESSION.PIRATE.FEMALE_NOUN,,Pirate
PROFESSION.PIRATE.MALE_NOUN,,Pirate
PROFESSION.PIRATE.VERB,,Pilfering
PROFESSION.RUNESMITH.FEMALE_NOUN,from “runes” and “blacksmith”,Runesmith
PROFESSION.RUNESMITH.MALE_NOUN,"This is an invented term for the game, but should be derived",Runesmith
PROFESSION.RUNESMITH.TOOLTIP,,"Enchants weapons, armour and items with magical runes to boost their abilities."
PROFESSION.RUNESMITH.VERB,,Enchanting
PROFESSION.SKILL_LEVEL.1,,Neophyte
PROFESSION.SKILL_LEVEL.1.TOOLTIP,,An absolute beginner with little to no experience.
PROFESSION.SKILL_LEVEL.2,,Novice
PROFESSION.SKILL_LEVEL.2.TOOLTIP,,They only understand the basics of their craft.
PROFESSION.SKILL_LEVEL.3,,Apprentice
PROFESSION.SKILL_LEVEL.3.TOOLTIP,,"Though they are becoming skilled, there is still a lot of experience to be earned."
PROFESSION.SKILL_LEVEL.4,,Journeyman
PROFESSION.SKILL_LEVEL.4.TOOLTIP,,"No longer an apprentice, they have reasonable skill in their given craft."
PROFESSION.SKILL_LEVEL.5,,Adept
PROFESSION.SKILL_LEVEL.5.TOOLTIP,,They are well-skilled but still have further heights that can be reached.
PROFESSION.SKILL_LEVEL.6,,Skilled
PROFESSION.SKILL_LEVEL.6.TOOLTIP,,"Very skilled in their craft, they are now more than competent."
PROFESSION.SKILL_LEVEL.7,,Expert
PROFESSION.SKILL_LEVEL.7.TOOLTIP,,There is little that the expert does not know of their respective field.
PROFESSION.SKILL_LEVEL.8,,Master
PROFESSION.SKILL_LEVEL.8.TOOLTIP,,"Beyond even an expert, they are truly a master of their craft."
PROFESSION.SKILL_LEVEL.9,,Grandmaster
PROFESSION.SKILL_LEVEL.9.TOOLTIP,,There is nobody more skilled in their craft than a grandmaster.
PROFESSION.STONEMASON.FEMALE_NOUN,,Stonemason
PROFESSION.STONEMASON.MALE_NOUN,,Stonemason
PROFESSION.STONEMASON.PLURAL,,Stonemasons
PROFESSION.STONEMASON.TOOLTIP,,Crafts furniture and items from stone.
PROFESSION.STONEMASON.VERB,,Sculpting
PROFESSION.VILLAGER.FEMALE_NOUN,,Hauler
PROFESSION.VILLAGER.MALE_NOUN,,Hauler
PROFESSION.VILLAGER.TOOLTIP,,This settler does not have any specific professions and will fulfil any mundane tasks like hauling items.
PROFESSION.VILLAGER.VERB,,Working
PROFESSION.WEAVER.FEMALE_NOUN,,Weaver
PROFESSION.WEAVER.MALE_NOUN,,Weaver
PROFESSION.WEAVER.PLURAL,,Weavers
PROFESSION.WEAVER.TOOLTIP,,Processes materials into clothing and other fabrics.
PROFESSION.WEAVER.VERB,,Weaving
PROFESSION.WOODCUTTER.FEMALE_NOUN,This could be “lumberjack” and “lumberjane”,Woodcutter
PROFESSION.WOODCUTTER.MALE_NOUN,,Woodcutter
PROFESSION.WOODCUTTER.PLURAL,,Woodcutters
PROFESSION.WOODCUTTER.TOOLTIP,,Cuts down trees as lumber that can be used in a {{ROOMS.SAWMILL}}.
PROFESSION.WOODCUTTER.VERB,,Chopping

QUOTA.FIXED_AMOUNT,,in total
QUOTA.PER_SETTLER,,per settler

RACE.BOAR.NOUN,,Wild boar
RACE.CARP.NOUN,,Carp
RACE.DEER.FEMALE_NOUN,,Doe
RACE.DEER.MALE_NOUN,,Stag
RACE.DEER.TOOLTIP,,A deer is a non-threatening herbivore which will flee at any sign of danger
RACE.DWARF.FEMALE_ADJECTIVE,,Dwarven
RACE.DWARF.FEMALE_NOUN,,Dwarf
RACE.DWARF.FEMALE_PLURAL,,Dwarves
RACE.DWARF.MALE_ADJECTIVE,,Dwarven
RACE.DWARF.MALE_NOUN,The male and female forms are only for languages that need them,Dwarf
RACE.DWARF.MALE_PLURAL,Note that I'm going with Tolkein's spelling of “dwarves” rather than “dwarfs”,Dwarves
RACE.DWARF.TOOLTIP,,Dwarves are short and stocky humanoids. They are masters of working with stone and metal. Most dwarves distrust the sky and prefer to stay underground.
RACE.ELEPHANT.NOUN,,Elephant
RACE.FOX.FEMALE_NOUN,,Vixen
RACE.FOX.MALE_NOUN,,Fox
RACE.FUNGOLEM,,Fungolem
RACE.HORSE.NOUN,,Horse
RACE.ORC.MALE_ADJECTIVE,,Orcish
RACE.ORC.MALE_NOUN,Orcs are only male,Orc
RACE.PERCH.NOUN,,Perch
RACE.PIKE.NOUN,,Pike
RACE.SPIDER,,Spider
RACE.UNDEAD_DWARF,,Undead dwarf
RACE.WURM,,Wurm

RESOURCE.BONE.LARGE.NOUN,,Large Bone
RESOURCE.BONE.LARGE.PLURAL,,Large Bones
RESOURCE.BONE.MEDIUM.NOUN,,Medium Bone
RESOURCE.BONE.MEDIUM.PLURAL,,Medium Bones
RESOURCE.BONE.SMALL.NOUN,,Small Bone
RESOURCE.BONE.SMALL.PLURAL,,Small Bones
RESOURCE.FLOUR.SACK.NOUN,,Flour
RESOURCE.FLOUR.SACK.PLURAL,,Flour
RESOURCE.FLOUR.SACK.TOOLTIP,,Grain that has been milled into a fine powder ready to be used as an ingredient in the production of food.
RESOURCE.GEMS.UNREFINED.NOUN,,Uncut gem
RESOURCE.GEMS.UNREFINED.PLURAL,,Uncut gems
RESOURCE.GEMS.UNREFINED.TOOLTIP,,A hunk of rock containing gems ready to be cut and polished.
RESOURCE.GRAIN.SACK.NOUN,,Grain (sack)
RESOURCE.GRAIN.SACK.PLURAL,,Grain (sack)
RESOURCE.HEMP.BUNDLE.NOUN,,Hemp bundle
RESOURCE.HEMP.BUNDLE.PLURAL,,Hemp bundles
RESOURCE.HEMP.FIBRE.BUNDLE.NOUN,,Hemp fibre bundle
RESOURCE.HEMP.FIBRE.BUNDLE.PLURAL,,Hemp fibre bundles
RESOURCE.LOGS.NOUN,,Log
RESOURCE.LOGS.PLURAL,,Logs
RESOURCE.LOGS.TOOLTIP,,"Sections of a tree that are most commonly prepared into {{RESOURCE.PLANKS.PLURAL}}, but have other uses as well."
RESOURCE.METAL.BLOOM.NOUN,,Bloom
RESOURCE.METAL.BLOOM.PLURAL,,Blooms
RESOURCE.METAL.BLOOM.TOOLTIP,,A lump of metal mixed with slag which must be hammered into a usable form.
RESOURCE.METAL.INGOT.NOUN,,Ingot
RESOURCE.METAL.INGOT.PLURAL,,Ingots
RESOURCE.METAL.INGOT.TOOLTIP,,"Refined metal blocks, ready to be used as a crafting ingredient."
RESOURCE.METAL.PLATE.NOUN,,Plate
RESOURCE.METAL.PLATE.PLURAL,,Plates
RESOURCE.METAL.PLATE.TOOLTIP,,"Large, flat plates that are used in some of the larger machinery."
RESOURCE.MUSHROOM.LOG.NOUN,,Mushroom log
RESOURCE.MUSHROOM.LOG.PLURAL,,Mushroom logs
RESOURCE.MUSHROOM.LOG.TOOLTIP,,A log that has been infused with {{INGREDIENT.MUSHROOM.SPAWN.NOUN}}. The body of the log itself is where the mushrooms draw nutrients from. It requires dousing in a {{FURNITURE.MUSHROOM_SHOCK_TANK}} after becoming fully innoculated.
RESOURCE.MUSHROOM.LUMBER.NOUN,,Mushroom log
RESOURCE.MUSHROOM.LUMBER.PLURAL,,Mushroom logs
RESOURCE.MUSHROOM.LUMBER.TOOLTIP,,Sections of a giant mushroom that can be used in the same way as wooden {{RESOURCE.LOGS.PLURAL}}.
RESOURCE.ORE.CRUSHED.NOUN,,Crushed ore
RESOURCE.ORE.CRUSHED.PLURAL,,Crushed ore
RESOURCE.ORE.CRUSHED.TOOLTIP,,"A metallic sand created by breaking down raw metal ore, ready for use in a {{FURNITURE.BLOOMERY_FURNACE}}."
RESOURCE.ORE.UNREFINED.NOUN,,Ore
RESOURCE.ORE.UNREFINED.PLURAL,,Ore
RESOURCE.ORE.UNREFINED.TOOLTIP,,Stone that contains metallic ores which can be processed into usable metal.
RESOURCE.PLANKS.NOUN,,Plank
RESOURCE.PLANKS.PLURAL,,Planks
RESOURCE.PLANKS.TOOLTIP,,Sections of wood of a fixed size so they can be easily used in constructions and crafting.
RESOURCE.SHOCKED.MUSHROOM.LOG.NOUN,,Mushroom log
RESOURCE.SHOCKED.MUSHROOM.LOG.PLURAL,,Mushroom logs
RESOURCE.SHOCKED.MUSHROOM.LOG.TOOLTIP,,This mushroom-infused log has been “shocked” in water to encourage the mushrooms to develop and should produce a harvest soon.
RESOURCE.STONE.BLOCK.NOUN,,Block
RESOURCE.STONE.BLOCK.PLURAL,,Blocks
RESOURCE.STONE.BLOCK.TOOLTIP,,Stone that has been shaped into a cube so that it can be easily used in construction or crafting.
RESOURCE.STONE.UNREFINED.NOUN,,Rough stone boulder
RESOURCE.STONE.UNREFINED.PLURAL,,Rough stone boulders
RESOURCE.STONE.UNREFINED.TOOLTIP,,A huge piece of stone that must be chiselled into a more useful shape by a {{PROFESSION.STONEMASON}}.
RESOURCE.WHEAT.SACK.NOUN,,Wheat (sack)
RESOURCE.WHEAT.SACK.PLURAL,,Wheat (sack)
RESOURCE.WHEAT.SACK.TOOLTIP,,Sacks of wheat are harvested from farm plots sown with wheat seeds.

ROOMS.ARMOURY,,Armoury
ROOMS.ARMOURY.TOOLTIP,,Weapons and armour are created here.
ROOMS.ARTISAN_WORKSHOP,,Artisan workshop
ROOMS.ARTISAN_WORKSHOP.TOOLTIP,,Intricate items are crafted here.
ROOMS.BAKERY,,Bakery
ROOMS.BAKERY.TOOLTIP,,Where bread dough is created and then baked into bread.
ROOMS.BARRACKS,,Barracks
ROOMS.BARRACKS.TOOLTIP,,A place for members of the military to sleep and train.
ROOMS.BEDROOM,,Bedroom
ROOMS.BEDROOM.TOOLTIP,,A place for your settlers to sleep.
ROOMS.BREWERY,,Brewery
ROOMS.BREWERY.TOOLTIP,,Brews beer for your settlers to enjoy!
ROOMS.BRIDGE,,Bridge
ROOMS.BRIDGE.TOOLTIP,,Placed across the river to allow access to the other side.
ROOMS.CARPENTRY_WORKSHOP,,Carpentry workshop
ROOMS.CARPENTRY_WORKSHOP.TOOLTIP,,This workshop produces most wooden tools and items
ROOMS.COMPONENT.STOCKPILE.DESCRIPTION,,{{allocated}} of {{total}} spaces currently in use
ROOMS.FARM,,Farm plot
ROOMS.FARM.PLURAL,,Farm plots
ROOMS.FARM.TOOLTIP,,Grows crops using {{INGREDIENT.SEEDS.PLURAL}}. Must be placed on {{MATERIAL_TYPE.EARTH.NOUN}}.
ROOMS.FEASTING_HALL,,Feasting hall
ROOMS.FEASTING_HALL.TOOLTIP,,"A place for settlers to gather to eat, drink and be merry!"
ROOMS.FUEL_REFINERY,,Fuel refinery
ROOMS.FUEL_REFINERY.TOOLTIP,,Produces fuel from {{RESOURCE.LOGS.PLURAL}} or {{ORE.BITUMINOUS_COAL.NOUN}}.
ROOMS.GRAVEYARD,,Graveyard
ROOMS.GRAVEYARD.TOOLTIP,,Deceased settlers are laid to rest here.
ROOMS.ITERATIVE_NAMED_ROOM,,{{roomName}} #{{number}}
ROOMS.KITCHEN,,Kitchen
ROOMS.KITCHEN.TOOLTIP,,Most food is prepared here before being served in a {{ROOMS.FEASTING_HALL}}.
ROOMS.LEATHER_WORKSHOP,,Leatherworks
ROOMS.LEATHER_WORKSHOP.TOOLTIP,,Craft items out of animal hide.
ROOMS.MASONRY_WORKSHOP,,Masonry workshop
ROOMS.MASONRY_WORKSHOP.TOOLTIP,,This workshop produces most items made out of stone.
ROOMS.MUSHROOM_FARM,,Mushroom farm
ROOMS.MUSHROOM_FARM.TOOLTIP,,Mushrooms can be grown using {{INGREDIENT.MUSHROOM.SPAWN.NOUN}} and wooden {{RESOURCE.LOGS.PLURAL}}.
ROOMS.SAWMILL,,Sawmill
ROOMS.SAWMILL.TOOLTIP,,Wooden {{RESOURCE.LOGS.PLURAL}} are refined into {{RESOURCE.PLANKS.PLURAL}} here.
ROOMS.SMELTERY,,Smeltery
ROOMS.SMELTERY.TOOLTIP,,Metallic ore is refined into usable ingots here.
ROOMS.SMITHY,,Smithy
ROOMS.SMITHY.TOOLTIP,,Used to craft metal tools.
ROOMS.STOCKPILE,,Stockpile
ROOMS.STOCKPILE.TOOLTIP,,This area stores different kinds of items depending on settings.
ROOMS.STOCKPILES,,Stockpiles
ROOMS.STOCKPILES.TOOLTIP,,Unused items are placed in stockpiles for easy access.
ROOMS.STOCKPILE_WITH_GROUP_NAME,,{{stockpileGroupName}} {{roomTypeName}}
ROOMS.TEXTILE_WORKSHOP,,Textile workshop
ROOMS.TEXTILE_WORKSHOP.TOOLTIP,,Processes {{SEED.HEMP_SEED}} into textiles for a variety of uses.
ROOMS.TRADING_DEPOT,,Trading depot
ROOMS.TRADING_DEPOT.TOOLTIP,,Buy and sell items with visiting merchants.

ROPE.AGED_ROPE,,Aged
ROPE.BRONZED_ROPE,,Bronzed
ROPE.GRAY_ROPE,,Gray
ROPE.HEMP-ROPE,,Hemp
ROPE.TOBACCO_ROPE,Just to describe a light colour,Light

RUSTED_SCRAP.NOUN,,Scrap
RUSTED_SCRAP.TOOLTIP,,These are the remains of an item that has completed corroded due to rust.

SEASON.AUTUMN,,Autumn
SEASON.SPRING,,Spring
SEASON.SUMMER,,Summer
SEASON.WINTER,,Winter

SEED.BARLEY_SEED,,Barley
SEED.BARLEY_SEED.TOOLTIP,{{VEGETABLE.BARLEY.TOOLTIP}},"A grain used only in the production of beer. Can be planted in {{SEASON.SPRING}}, {{SEASON.SUMMER}} or {{SEASON.AUTUMN}}."
SEED.BERSERKER_MUSHROOM_SPAWN,,Berserker
SEED.BERSERKER_MUSHROOM_SPAWN.TOOLTIP,{{VEGETABLE.BERSERKER_MUSHROOM.TOOLTIP}},A mushroom with a pink-red cap bearing white spots. It has hallucinogenic properties which warriors sometimes use in preparation for battle.
SEED.CARROT_SEED,,Carrot
SEED.CARROT_SEED.TOOLTIP,{{VEGETABLE.CARROT.TOOLTIP}},"A hardy root vegetable that survives the {{SEASON.WINTER}} frost. Carrots grow quickly but only produce a small crop. Can be planted in {{SEASON.SPRING}}, {{SEASON.SUMMER}} or {{SEASON.AUTUMN}}."
SEED.CORN_SEED,,Corn
SEED.CORN_SEED.TOOLTIP,{{VEGETABLE.CORN.TOOLTIP}},"A cereal grain also known as maize. It produces a bountiful crop but takes around 2 seasons to grow and can not survive {{SEASON.WINTER}}, so it requires planting in early {{SEASON.SPRING}}."
SEED.DEATH_CAP_SPAWN,,Death cap
SEED.DEATH_CAP_SPAWN.TOOLTIP,{{VEGETABLE.DEATH_CAP_MUSHROOM.TOOLTIP}},"A very poisonous mushroom with a wide, flat cap. Eating even a tiny amount will almost certainly cause poisoning which can lead to death."
SEED.ELFSBANE_SPAWN,,Elfsbane
SEED.ELFSBANE_SPAWN.TOOLTIP,{{VEGETABLE.ELFSBANE_MUSHROOM.TOOLTIP}},"This mushroom has a simple, flavourless taste to most humanoids. Strangely, it tastes absolutely disgusting to elves, who often react with explosive vomiting upon consumption, or in extreme cases, a heart attack."
SEED.FIST_SPAWN,,Fist
SEED.FIST_SPAWN.TOOLTIP,{{VEGETABLE.FIST_MUSHROOM.TOOLTIP}},A black-blue mushroom with a metallic taste. It is named for a group of bards from the age of darkness.
SEED.GLOW_SPAWN,,Glow
SEED.GLOW_SPAWN.TOOLTIP,{{VEGETABLE.GLOW_MUSHROOM.TOOLTIP}},A magic-infused mushroom that gives off light and changes colour with the seasons.
SEED.HEMP_SEED,,Hemp
SEED.HEMP_SEED.TOOLTIP,,Used to produce rope and fabric after it hsa been processed.
SEED.HOPS_SEED,,Hops
SEED.HOPS_SEED.TOOLTIP,{{VEGETABLE.HOPS.TOOLTIP}},A flower used for the flavouring of beer. Must be planted in {{SEASON.SPRING}}.
SEED.MILTONIA_SPAWN,,Miltonia
SEED.MILTONIA_SPAWN.TOOLTIP,{{VEGETABLE.MILTONIA_MUSHROOM.TOOLTIP}},"Once thought to exist only in the Hudds region, it is now found throughout the world."
SEED.POTATO_SEED,,Potato
SEED.POTATO_SEED.TOOLTIP,{{VEGETABLE.POTATO.TOOLTIP}},"A starchy root vegetable which can survive {{SEASON.WINTER}} making it a good choice for most settlements. Can be planted in {{SEASON.SPRING}}, {{SEASON.SUMMER}} or {{SEASON.AUTUMN}}."
SEED.PURPLE_HELMET_SPAWN,,Purple helmet
SEED.PURPLE_HELMET_SPAWN.TOOLTIP,{{VEGETABLE.PURPLE_HELMET_MUSHROOM.TOOLTIP}},"Fat Hat, Plump Turban, Puffy Helmet; This fabled mushroom goes by many names. Legend holds that long ago, many communities of dwarves subsisted entirely on a domesticated strain of this fungus."
SEED.ROCIOMYCOTA_MUSHROOM_SPAWN,,Rociomycota
SEED.ROCIOMYCOTA_MUSHROOM_SPAWN.TOOLTIP,{{VEGETABLE.ROCIOMYCOTA_MUSHROOM.TOOLTIP}},A white and black spotted mushroom. It has been known to affect the appearance of those who ingest it.
SEED.SUNGLOW_SPAWN,,Sunglow
SEED.SUNGLOW_SPAWN.TOOLTIP,{{VEGETABLE.SUNGLOW_MUSHROOM.TOOLTIP}},A bright yellow mushroom which glows with the appearance of sunlight. It loses this glow the moment it is harvested.
SEED.SYRUP_POWDER_SPAWN,,Syrup powder
SEED.SYRUP_POWDER_SPAWN.TOOLTIP,{{VEGETABLE.SYRUP_POWDER_MUSHROOM.TOOLTIP}},"A round orange/yellow mushroom with a white underside. It is said to have been used by mages long ago, but for what purpose, nobody knows."
SEED.TOMATO_SEED,,Tomato
SEED.TOMATO_SEED.TOOLTIP,{{VEGETABLE.TOMATO.TOOLTIP}},A plant which grows large red berries often used as a vegetable. Can only be planted in {{SEASON.SPRING}}.
SEED.WHEAT_SEED,,Wheat
SEED.WHEAT_SEED.TOOLTIP,{{VEGETABLE.WHEAT.TOOLTIP}},"A cereal grain generally used for the production of bread. It can survive {{SEASON.WINTER}} but takes a while to grow, so it is either planted in {{SEASON.SPRING}} or {{SEASON.AUTUMN}}."

SHRUB.DESCRIPTION,Shrub or bush should do,Bush

SKILL.ARCHERY.FEMALE_NOUN,,Archer
SKILL.ARCHERY.MALE_NOUN,,Archer
SKILL.ARCHERY.TOOLTIP,,Skill with the bow
SKILL.AXES.FEMALE_NOUN,,Axewoman
SKILL.AXES.MALE_NOUN,,Axeman
SKILL.AXES.TOOLTIP,,Skill with axes
SKILL.CROSSBOWS.FEMALE_NOUN,,Arbalist
SKILL.CROSSBOWS.MALE_NOUN,,Arbalist
SKILL.CROSSBOWS.TOOLTIP,,Skill with the crossbow
SKILL.MACES.FEMALE_NOUN,,Hammerer
SKILL.MACES.MALE_NOUN,,Hammerer
SKILL.MACES.TOOLTIP,,Skill with hammers and maces
SKILL.SWORDSMANSHIP.FEMALE_NOUN,,Swordswoman
SKILL.SWORDSMANSHIP.MALE_NOUN,,Swordsman
SKILL.SWORDSMANSHIP.TOOLTIP,,Skill with the sword
SKILL.UNARMED_COMBAT.FEMALE_NOUN,,Brawler
SKILL.UNARMED_COMBAT.MALE_NOUN,,Brawler
SKILL.UNARMED_COMBAT.TOOLTIP,,Skill in unarmed combat

SKIN.BOAR_HIDE,,Boar
SKIN.DEER_HIDE,,Deer
SKIN.DWARF_HIDE,,Dwarf
SKIN.ELEPHANT_HIDE,,Elephant
SKIN.HORSE_HIDE,,Horse

STATUS.ALCOHOL_WITHDRAWL,,Alcohol withdrawl
STATUS.BLEEDING,,Bleeding
STATUS.BLINDED,,Blind
STATUS.DEATH,,Dead
STATUS.DRUNK,,Drunk
STATUS.DYING_OF_HUNGER,,Dying of hunger
STATUS.DYING_OF_THIRST,,Dying of thirst
STATUS.EXHAUSTED,,Exhausted
STATUS.INTERNAL_BLEEDING,,Internal bleeding
STATUS.KNOCKED_UNCONSCIOUS,,Unconscious
STATUS.LOSS_MAIN_HAND,,Loss of main hand
STATUS.LOSS_OFF_HAND,,Loss of off hand
STATUS.MOVEMENT_IMPAIRED,,Impaired movement
STATUS.ON_FIRE,,On fire
STATUS.POISONED,,Poisoned
STATUS.TEMPORARILY_BLINDED,,Temporarily blinded
STATUS.VERY_HUNGRY,,Very hungry
STATUS.VERY_THIRSTY,,Very thirsty

STOCKPILE.GROUP.FOOD,,Food
STOCKPILE.GROUP.FOOD.TOOLTIP,,Stores harvested fruit and vegetables which can expire.
STOCKPILE.GROUP.FUEL,,Fuel
STOCKPILE.GROUP.GRANARY,,Granary
STOCKPILE.GROUP.GRANARY.TOOLTIP,,Stores grains and seeds which will not expire.
STOCKPILE.GROUP.PRODUCTS,,Products
STOCKPILE.GROUP.RAW_MATERIALS,,Raw materials
STOCKPILE.GROUP.SEEDS,,Seeds
STOCKPILE.GROUP.TOOLS,,Tools
STOCKPILE.GROUP.TOOLS.TOOLTIP,,Stores tools required for working on jobs.
STOCKPILE.GROUP.TREASURE,,Treasure
STOCKPILE.GROUP.WEAPONS,,Weapons
STOCKPILE.GROUP.WEAPONS.TOOLTIP,,Stores harvested fruit and vegetables which can expire.

STONE.BASALT.ADJECTIVE,,Basalt
STONE.BASALT.NOUN,,Basalt
STONE.BASALT.TOOLTIP,,An igneous rock formed by the rapid cooling of lava. Almost all of the volcanic rock in the world is basalt.
STONE.DOLOSTONE.ADJECTIVE,,Dolostone
STONE.DOLOSTONE.NOUN,,Dolostone
STONE.DOLOSTONE.TOOLTIP,,"A sedimentary rock mostly made up of the mineral dolomite, so it is also known as dolomite rock."
STONE.FRONITE.ADJECTIVE,,Frónite
STONE.FRONITE.NOUN,,Frónite
STONE.FRONITE.TOOLTIP,,A blue-hued rock mostly found on an icy island to the north. It has a high iron content.
STONE.GRANITE.ADJECTIVE,,Granite
STONE.GRANITE.NOUN,,Granite
STONE.GRANITE.TOOLTIP,,"A common type of igneous rock. It has a large proportion of quartz, making it good for locating certain gemstones."
STONE.LIMESTONE.ADJECTIVE,,Limestone
STONE.LIMESTONE.NOUN,,Limestone
STONE.LIMESTONE.TOOLTIP,,A lightly-coloured sedimentary rock which makes for a good building material. It is also used as a flux in the production of {{METAL.STEEL.NOUN}}.
STONE.MARBLE.ADJECTIVE,,Marble
STONE.MARBLE.NOUN,,Marble
STONE.MARBLE.TOOLTIP,,A metamorphic rock which is used as a high-quality material for sculpture and masonry due to its brilliant appearance.
STONE.SANDSTONE.ADJECTIVE,,Sandstone
STONE.SANDSTONE.NOUN,,Sandstone
STONE.SANDSTONE.TOOLTIP,,"A sedimentary rock composed of sand-like fragments. "
STONE.SHALE.ADJECTIVE,,Shale
STONE.SHALE.NOUN,,Shale
STONE.SHALE.TOOLTIP,,A fine-grained sedimentary rock composed of pressurized mud. It can be easily broken into thin layers.
STONE.SLATE.ADJECTIVE,,Slate
STONE.SLATE.NOUN,,Slate
STONE.SLATE.TOOLTIP,,A metamorphic rock that is usually formed out of {{STONE.SHALE.NOUN}}. It is often made into tiles for roofing or writing.

TOOL.AXE.NOUN,,Axe
TOOL.AXE.PLURAL,,Axes
TOOL.AXE.TOOLTIP,,Used to chop down trees. The primary tool of a {{PROFESSION.WOODCUTTER}}.
TOOL.CHISEL.NOUN,,Chisel
TOOL.CHISEL.PLURAL,,Chisels
TOOL.CHISEL.TOOLTIP,,Used to sculpt rock into shape. One of the tools used by a {{PROFESSION.STONEMASON}}.
TOOL.FISHING.ROD.NOUN,,Fishing rod
TOOL.FISHING.ROD.PLURAL,,Fishing rods
TOOL.FISHING.ROD.TOOLTIP,,Used to catch fish from a body of water. The primary tool of a {{PROFESSION.FISHER}}.
TOOL.KITCHEN.KNIFE.NOUN,,Kitchen knife
TOOL.KITCHEN.KNIFE.PLURAL,,Kitchen knives
TOOL.KITCHEN.KNIFE.TOOLTIP,,"Used to prepare food, particularly meat."
TOOL.LARGE.HAMMER.NOUN,,Large hammer
TOOL.LARGE.HAMMER.PLURAL,,Large hammers
TOOL.LARGE.HAMMER.TOOLTIP,,Used to bash large items of stone and metal into shape. The primary tool of a {{PROFESSION.BLACKSMITH}}.
TOOL.PICKAXE.NOUN,,Pickaxe
TOOL.PICKAXE.PLURAL,,Pickaxes
TOOL.PICKAXE.TOOLTIP,,Used to break stone into smaller pieces. The primary tool of a {{PROFESSION.MiNER}}.
TOOL.PLANE.NOUN,A carpenter's plane,Plane
TOOL.PLANE.PLURAL,A carpenter's plane,Planes
TOOL.PLANE.TOOLTIP,,Used to shave wooden furniture and items into shape. The primary tool of a {{PROFESSION.CARPENTER}}.
TOOL.ROLLING.PIN.NOUN,,Rolling pin
TOOL.ROLLING.PIN.PLURAL,,Rolling pins
TOOL.ROLLING.PIN.TOOLTIP,,Used to prepare dough. One of the tools used by a {{PROFESSION.CHEF}}.
TOOL.SAW.NOUN,A carpenter's saw,Saw
TOOL.SAW.PLURAL,A carpenter's saw,Saws
TOOL.SAW.TOOLTIP,,Used to cut wood into shape. Required for cutting lumber in the {{ROOMS.SAWMILL}}.
TOOL.SMALL.HAMMER.NOUN,,Hammer
TOOL.SMALL.HAMMER.PLURAL,,Hammers
TOOL.SMALL.HAMMER.TOOLTIP,,Used to bash small items of stone and metal into shape. One of the tools used by a {{PROFESSION.BLACKSMITH}}.
TOOL.TONGS.NOUN,A blacksmith's tongs,Tongs
TOOL.TONGS.PLURAL,A blacksmith's tongs,Sets of tongs
TOOL.TONGS.TOOLTIP,,Used to hold extremely hot metal items. Used in the process of smelting metal ore.

TREASURE.COIN.NOUN,,Coin
TREASURE.COIN.PLURAL,,Coins
TREASURE.COIN.TOOLTIP,,Minted coins used as a form of currency for trading.
TREASURE.GEM.NOUN,,Gem
TREASURE.GEM.PLURAL,,Gems
TREASURE.GEM.TOOLTIP,,Gems that have been cut and polished to enhance their beauty. Most commonly used as ornamentation.

TREE.DESCRIPTION,E.g. “Oak tree”,{{materialType.noun}} tree

TUTORIAL.COMPLETED.A,,This covers the basics of playing.
TUTORIAL.COMPLETED.B,,"You should aim to set up a functioning {{ROOMS.SMITHY}} with a {{FURNITURE.FORGE}} provided with fuel and refined metal ore, to produce metal items."
TUTORIAL.COMPLETED.C,,"Also, you should move your settlement underground or at least build a roof overhead to protect your Settlers and iron items from the weather."
TUTORIAL.COMPLETED.D,,Good luck!
TUTORIAL.CRAFTING.A,,Rooms with furniture that produce items are controlled using Import and Export Pallets.
TUTORIAL.CRAFTING.B,,Place at least one Import Pallet and Export Pallet in both the Sawmill and Masonry Workshop.
TUTORIAL.CRAFTING.C,,"Also, place a Products Stockpile which will hold the items that are produced."
TUTORIAL.CRAFTING_SELECTION.A,,Select each Import and Export Pallet and select the item to be imported or exported from the room.
TUTORIAL.CRAFTING_SELECTION.B,,"In the Sawmill, import Logs and export Planks."
TUTORIAL.CRAFTING_SELECTION.C,,"In the Masonry Workshop, import Rough stone boulders and export Blocks."
TUTORIAL.DISMISS_DIALOG.CONFIRM_TEXT,,Dismiss Tutorial
TUTORIAL.DISMISS_DIALOG.DESCRIPTION,,Are you sure you want to end the tutorial?
TUTORIAL.DISMISS_DIALOG.TITLE,,End Tutorial?
TUTORIAL.FARMING.A,,Click on Rooms and select Farm Plot. They are listed alphabetically.
TUTORIAL.FARMING.B,,Drag out 4 separate Farm Plots in a grassy area.
TUTORIAL.FARMING_2.A,,Click on each Farm Plot and select a Crop to be planted.
TUTORIAL.FARMING_2.A.STEAMDECK,,Press R2 on each Farm Plot and select a Crop to be planted.
TUTORIAL.FARMING_2.B,,"Skip Hemp, Barley and Hops for now as these are are used for Textiles and Brewing."
TUTORIAL.FEASTING_HALL.A,,Settlers eat in the Feasting Hall.
TUTORIAL.FEASTING_HALL.B,,The Cauldron furniture for the Feasting Hall is only completed when a Cauldron containing soup is available.
TUTORIAL.FEASTING_HALL.C,,Select Rooms and place a Feasting Hall. Mark a Cauldron to be placed in the Feasting Hall later.
TUTORIAL.FOOD_COMPLETE.A,,This simple setup will ensure your Settlers have food once the crops are harvested later in the year.
TUTORIAL.FOOD_COMPLETE.B,,You can also fish from the river or hunt animals once you have set up a military to provide more food.
TUTORIAL.KITCHEN.A,,Crops are harvested in Autumn and should be stored in a Food Stockpile.
TUTORIAL.KITCHEN.B,,To get the most from your crops it is best to produce soup from vegetables or bake bread from grain.
TUTORIAL.KITCHEN.C,,"Select Rooms and place a Kitchen. Unlike Farm Plots, most rooms need furniture to function."
TUTORIAL.MAIN_VIEW.A,,The controls in the lower-left corner of the screen are the main way of interacting with the game.
TUTORIAL.MAIN_VIEW.B,,"You can assign orders, queue rooms and furniture to be created, and also adjust the priority of tasks."
TUTORIAL.MAIN_VIEW.C,,You can right-click to go back to a previous menu or clear the current selection.
TUTORIAL.MAIN_VIEW.C.STEAMDECK,,You can press L2 to go back to a previous menu or clear the current selection.
TUTORIAL.MANAGEMENT_BUTTONS.DESCRIPTION,,The icons to the left of the time and date are various management and overview screens.
TUTORIAL.MANAGEMENT_BUTTONS.RESOURCE_MANAGEMENT,,View the Resources management screen
TUTORIAL.MANAGEMENT_BUTTONS.SETTLER_MANAGEMENT,,View the Settlers management screen
TUTORIAL.MINIMAP.DESCRIPTION,,This is the Minimap.
TUTORIAL.MINIMAP.PROGRESS,,Click on the Minimap to jump to a location
TUTORIAL.MINIMAP.PROGRESS.STEAMDECK,,Press R2 with the cursor on the Minimap to jump to a location
TUTORIAL.NEEDS.A,,"Settlers need Food, Drink and Sleep."
TUTORIAL.NEEDS.B,,For now they can drink from the river and sleep on the ground.
TUTORIAL.NEEDS.C,,However to eat they must grow crops.
TUTORIAL.PROFESSIONS.A,,"Each Settler can have up to 3 Professions assigned, which determines which jobs they will do."
TUTORIAL.PROFESSIONS.B,,You can select a Settler to view or change their professions. This can also be done from the Settlers Management screen.
TUTORIAL.PROFESSIONS.C,,Assign at least 4 Settlers as Farmers. Be sure to also keep some assigned as Haulers as they're responsible for moving items around.
TUTORIAL.PROGRESS_DESCRIPTION.FARM_PLOT_SELECTIONS,Used to show a progress indicator for how many farm plots have a crop selected e.g. 2 of 10 farm plots with a crop assigned,{{ROOMS.FARM.PLURAL}} with a crop assigned
TUTORIAL.PROGRESS_DESCRIPTION.PROFESSIONS_ASSIGNED,Used to show a progress indicator for how many of a certain profession have been assigned e.g. 2 of 10 farmers assigned,{{professionPlural}} assigned
TUTORIAL.PROGRESS_DESCRIPTION.TEXT,Used to show a progress indicator in the form: 2 of 10 stone blocks,{{currentQuantity}} of {{requiredQuantity}} {{targetDescription}}
TUTORIAL.PROGRESS_DESCRIPTION.TILES,Used to show a progress indicator for a certain number of tiles e.g. 2 of 10 farm plot tiles,{{roomName}} tiles
TUTORIAL.RESOURCES.A,,Many items are crafted out of Wooden Planks and Stone Blocks. It's important to maintain a steady supply of these.
TUTORIAL.RESOURCES.B,,Select Orders > Mine. Drag a selection over the mountain area to order your Miners to start mining.
TUTORIAL.RESOURCES.C,,Also select Orders > Chop. Drag a selection over a forested area to order your Woodcutters to start chopping trees.
TUTORIAL.RESOURCE_COLLECTION.A,,"With all of this in place, your workshops will start producing Wooden Planks and Stone Blocks."
TUTORIAL.RESOURCE_COLLECTION.B,,Continue until you have a reasonable supply of Planks and Blocks.
TUTORIAL.SAVING.A,,Progress is saved automatically at midnight or when you exit the game.
TUTORIAL.SAVING.A.STEAMDECK,,Progress is saved automatically at midnight each day.
TUTORIAL.SAVING.B,,You can also press F5 to Quicksave.
TUTORIAL.SAVING.B.STEAMDECK,,The game is also saved when you quit from the main menu.
TUTORIAL.SAVING.C,,Press F5 to Quicksave now
TUTORIAL.SHOW_LABEL,,Show Tutorial
TUTORIAL.START.CAMERA_CONTROLS_1,,Press the WASD keys to move the camera around
TUTORIAL.START.CAMERA_CONTROLS_1.STEAMDECK,,Use the Left Stick or D-Pad to move the camera around
TUTORIAL.START.CAMERA_CONTROLS_2,,Press Q & E or scroll the mouse wheel to zoom
TUTORIAL.START.CAMERA_CONTROLS_2.STEAMDECK,,Press L1 and R1 to zoom in and out
TUTORIAL.START.INTRO_1,,Welcome to Mountaincore! This is an Early Access release with gameplay and features still in development.
TUTORIAL.START.INTRO_2,,"Your intrepid band of dwarven settlers have chosen this area to found a new colony of their kingdom. Provide food, shelter and prosperity for them and who knows, maybe one day this will be the capital of a kingdom of its own!"
TUTORIAL.STOCKPILES.A,,It is a good idea to place Stockpiles for your Settlers to place and share items.
TUTORIAL.STOCKPILES.B,,"Select Rooms and then select Stockpile, then Tools. Drag out a Tools Stockpile in a central location."
TUTORIAL.TIME_AND_DATE.DESCRIPTION,,"You can view the current time, date, weather and control the game's speed here."
TUTORIAL.TIME_AND_DATE.FAST_SPEED_STEP,,"Click the icons or press buttons 2, 3 and 4 for increasingly faster speeds"
TUTORIAL.TIME_AND_DATE.FAST_SPEED_STEP.STEAMDECK,,Press R2 on the icons for increasingly faster speeds
TUTORIAL.TIME_AND_DATE.NORMAL_SPEED_STEP,,Click the icon or press 1 for normal speed
TUTORIAL.TIME_AND_DATE.NORMAL_SPEED_STEP.STEAMDECK,,Press R2 over the icon for normal speed
TUTORIAL.TIME_AND_DATE.PAUSE_STEP,,Press space to pause and unpause the game
TUTORIAL.TIME_AND_DATE.PAUSE_STEP.STEAMDECK,,Press the A button to pause and unpause the game
TUTORIAL.VIEW_MODES.DEFAULT_STEP,,Click the left-most button to return to the default view mode
TUTORIAL.VIEW_MODES.DEFAULT_STEP.STEAMDECK,,Press R2 on the left-most icon to return to the default view mode
TUTORIAL.VIEW_MODES.DESCRIPTION,,Below the time and date are buttons to show different views overlaid onto the game world.
TUTORIAL.VIEW_MODES.OTHER_STEP,,Click one of the other view mode buttons
TUTORIAL.VIEW_MODES.OTHER_STEP.STEAMDECK,,Press R2 over one of the other view mode buttons
TUTORIAL.WORKSHOPS.A,,Wooden Planks are produced in a Sawmill by a Woodcutter. Stone Blocks are created in a Masonry Workshop by a Stonemason.
TUTORIAL.WORKSHOPS.B,,Select Rooms and place a Sawmill and a Masonry Workshop. They both require a crafting station to be constructed.
TUTORIAL.WORKSHOPS.C,,You can press the R key to Rotate most furniture.
TUTORIAL.WORKSHOPS.C.STEAMDECK,,You can press the X button to Rotate most furniture.
TUTORIAL.WORKSHOPS.D,,Crafting stations have a Crafting button which shows what can be produced.

VEGETABLE.BARLEY,,Barley
VEGETABLE.BARLEY.PLURAL,,Barley
VEGETABLE.BARLEY.TOOLTIP,,"A grain used only in the production of beer. Can be planted in {{SEASON.SPRING}}, {{SEASON.SUMMER}} or {{SEASON.AUTUMN}}."
VEGETABLE.BERSERKER_MUSHROOM,,Berserker mushroom
VEGETABLE.BERSERKER_MUSHROOM.PLURAL,,Berserker mushrooms
VEGETABLE.BERSERKER_MUSHROOM.TOOLTIP,,A mushroom with a pink-red cap bearing white spots. It has hallucinogenic properties which warriors sometimes use in preparation for battle.
VEGETABLE.CARROT,,Carrot
VEGETABLE.CARROT.PLURAL,,Carrots
VEGETABLE.CARROT.TOOLTIP,,"A hardy root vegetable that survives the {{SEASON.WINTER}} frost. Carrots grow quickly but only produce a small crop. Can be planted in {{SEASON.SPRING}}, {{SEASON.SUMMER}} or {{SEASON.AUTUMN}}."
VEGETABLE.CORN,,Sweetcorn
VEGETABLE.CORN.PLURAL,,Sweetcorn
VEGETABLE.CORN.TOOLTIP,,"A cereal grain also known as maize. It produces a bountiful crop but takes around 2 seasons to grow and can not survive {{SEASON.WINTER}}, so it requires planting in early {{SEASON.SPRING}}."
VEGETABLE.DEATH_CAP_MUSHROOM,,Death cap mushroom
VEGETABLE.DEATH_CAP_MUSHROOM.PLURAL,,Death cap mushrooms
VEGETABLE.DEATH_CAP_MUSHROOM.TOOLTIP,,"A very poisonous mushroom with a wide, flat cap. Eating even a tiny amount will almost certainly cause poisoning which can lead to death."
VEGETABLE.DRAGONFRUIT,,Dragonfruit
VEGETABLE.DRAGONFRUIT.PLURAL,,Dragonfruits
VEGETABLE.ELFSBANE_MUSHROOM,,Elfsbane mushroom
VEGETABLE.ELFSBANE_MUSHROOM.PLURAL,,Elfsbane mushrooms
VEGETABLE.ELFSBANE_MUSHROOM.TOOLTIP,,"This mushroom has a simple, flavourless taste to most humanoids. Strangely, it tastes absolutely disgusting to elves, who often react with explosive vomiting upon consumption, or in extreme cases, a heart attack."
VEGETABLE.FIST_MUSHROOM,,Fist mushroom
VEGETABLE.FIST_MUSHROOM.PLURAL,,Fist mushrooms
VEGETABLE.FIST_MUSHROOM.TOOLTIP,,A black-blue mushroom with a metallic taste. It is named for a group of bards from the age of darkness.
VEGETABLE.FOR_BEER.USAGE,,used in the brewing of {{LIQUID.BEER}}
VEGETABLE.FUNGOLEM_MUSHROOM,,Fungolem mushroom meat
VEGETABLE.FUNGOLEM_MUSHROOM.PLURAL,,Fungolem mushroom meat
VEGETABLE.FUNGOLEM_MUSHROOM.TOOLTIP,,A tasteless fungus-like material harvested from the corpse of a fungolem.
VEGETABLE.GLOW_MUSHROOM,,Glow mushroom
VEGETABLE.GLOW_MUSHROOM.PLURAL,,Glow mushrooms
VEGETABLE.GLOW_MUSHROOM.TOOLTIP,,A magic-infused mushroom that gives off light and changes colour with the seasons.
VEGETABLE.HEMP,,Hemp
VEGETABLE.HEMP.PLURAL,,Hemp
VEGETABLE.HEMP.TOOLTIP,,This is processed at the {{ROOMS.TEXTILE_WORKSHOP}} to a useful material.
VEGETABLE.HEMP.USAGE,,a material required to produce {{PRODUCT.LINEN}} in a {{ROOMS.TEXTILE_WORKSHOP}}
VEGETABLE.HEMP_FIBRE,,Hemp fibre
VEGETABLE.HEMP_FIBRE.PLURAL,,Hemp fibre
VEGETABLE.HOPS,,Hops
VEGETABLE.HOPS.PLURAL,,Hops
VEGETABLE.HOPS.TOOLTIP,,A flower used for the flavouring of beer. Must be planted in {{SEASON.SPRING}}.
VEGETABLE.INGREDIENT.USAGE,,"used in the cooking of soup, or can be eaten raw"
VEGETABLE.LOQUAT,,Loquat
VEGETABLE.LOQUAT.PLURAL,,Loquats
VEGETABLE.MILTONIA_MUSHROOM,,Miltonia mushroom
VEGETABLE.MILTONIA_MUSHROOM.PLURAL,,Miltonia mushrooms
VEGETABLE.MILTONIA_MUSHROOM.TOOLTIP,,"Once thought to exist only in the Hudds region, it is now found throughout the world."
VEGETABLE.POTATO,,Potato
VEGETABLE.POTATO.PLURAL,,Potatoes
VEGETABLE.POTATO.TOOLTIP,,"A starchy root vegetable which can survive {{SEASON.WINTER}} making it a good choice for most settlements. Can be planted in {{SEASON.SPRING}}, {{SEASON.SUMMER}} or {{SEASON.AUTUMN}}."
VEGETABLE.PURPLE_HELMET_MUSHROOM,,Purple helmet mushroom
VEGETABLE.PURPLE_HELMET_MUSHROOM.PLURAL,,Purple helmet mushrooms
VEGETABLE.PURPLE_HELMET_MUSHROOM.TOOLTIP,,"Fat Hat, Plump Turban, Puffy Helmet; This fabled mushroom goes by many names. Legend holds that long ago, many communities of dwarves subsisted entirely on a domesticated strain of this fungus."
VEGETABLE.ROCIOMYCOTA_MUSHROOM,,Rociomycota mushroom
VEGETABLE.ROCIOMYCOTA_MUSHROOM.PLURAL,,Rociomycota mushrooms
VEGETABLE.ROCIOMYCOTA_MUSHROOM.TOOLTIP,,A white and black spotted mushroom. It has been known to affect the appearance of those who ingest it.
VEGETABLE.SUNGLOW_MUSHROOM,,Sunglow mushroom
VEGETABLE.SUNGLOW_MUSHROOM.PLURAL,,Sunglow mushrooms
VEGETABLE.SUNGLOW_MUSHROOM.TOOLTIP,,A bright yellow mushroom which glows with the appearance of sunlight. It loses this glow the moment it is harvested.
VEGETABLE.SYRUP_POWDER_MUSHROOM,,Syrup powder mushroom
VEGETABLE.SYRUP_POWDER_MUSHROOM.PLURAL,,Syrup powder mushrooms
VEGETABLE.SYRUP_POWDER_MUSHROOM.TOOLTIP,,"A round orange/yellow mushroom with a white underside. It is said to have been used by mages long ago, but for what purpose, nobody knows."
VEGETABLE.TAMARILLO,,Tamarillo
VEGETABLE.TAMARILLO.PLURAL,,Tamarillos
VEGETABLE.THIMBLEBERRY,,Thimbleberry
VEGETABLE.THIMBLEBERRY.PLURAL,,Thimbleberries
VEGETABLE.TOMATO,,Tomato
VEGETABLE.TOMATO.PLURAL,,Tomatoes
VEGETABLE.TOMATO.TOOLTIP,,A plant which grows large red berries often used as a vegetable. Can only be planted in {{SEASON.SPRING}}.
VEGETABLE.WHEAT,,Wheat
VEGETABLE.WHEAT.PLURAL,,Wheat
VEGETABLE.WHEAT.TOOLTIP,,"A cereal grain generally used for the production of bread. It can survive {{SEASON.WINTER}} but takes a while to grow, so it is either planted in {{SEASON.SPRING}} or {{SEASON.AUTUMN}}."
VEGETABLE.WHEAT.USAGE,,used to bake bread

VEHICLE.DESCRIPTION,E.g. “Wagon”,{{materialType.adjective}} {{vehicleType.noun}}

WALL.DESCRIPTION,"E.g. “Granite rock wall”, “Granite smooth stone wall”",{{materialType.adjective}} {{wallType.noun}}
WALL.GEMS.NOUN,,Gems
WALL.ORE.NOUN,,Ore
WALL.ROUGH_STONE.NOUN,,Rock wall
WALL.STONE_BLOCK.NOUN,,Smooth stone wall
WALL.WOODEN.NOUN,,Wood wall

WEAPON.BATTLE.AXE,,Battle axe
WEAPON.BATTLE.HAMMER,,Battle hammer
WEAPON.BONE.ARROW.HEADS.NOUN,,Bone arrow head
WEAPON.BONE.ARROW.HEADS.PLURAL,,Bone arrow heads
WEAPON.BONE.ARROWS.NOUN,,Arrow
WEAPON.BONE.ARROWS.PLURAL,,Arrows
WEAPON.BOW,,Bow
WEAPON.CROSSBOW,,Crossbow
WEAPON.METAL.ARROW.HEADS.NOUN,,Arrow head
WEAPON.METAL.ARROW.HEADS.PLURAL,,Arrow heads
WEAPON.METAL.ARROWS.NOUN,,Arrow
WEAPON.METAL.ARROWS.PLURAL,,Arrows
WEAPON.METAL.BOLTS.NOUN,,Bolt
WEAPON.METAL.BOLTS.PLURAL,,Bolts
WEAPON.METAL.SHIELD,,Shield
WEAPON.NONE,Used to select no weapon from the selection list,None
WEAPON.NO_ARMOUR,,Unarmoured
WEAPON.NO_SHIELD,,Unshielded
WEAPON.SWORD,,Sword
WEAPON.UNARMED,,Unarmed
WEAPON.WOODEN.SHIELD,,Shield

WEATHER.TYPE.CLOUDY,,Cloudy & grey
WEATHER.TYPE.COLD_WINDS,,Cold winds
WEATHER.TYPE.PERFECT,,Perfect weather
WEATHER.TYPE.RAIN,,Pouring rain
WEATHER.TYPE.SNOW,,Snow flurries
WEATHER.TYPE.THUNDERSTORM,,Thunderstorm

WOOD.ASPEN.ADJECTIVE,,Aspen
WOOD.ASPEN.NOUN,,Aspen
WOOD.BAOBAB.ADJECTIVE,,Baobab
WOOD.BAOBAB.NOUN,,Baobab
WOOD.BARKSHROOM.ADJECTIVE,This is a made-up fantasy wood that comes from giant mushrooms,Barkshroom
WOOD.BARKSHROOM.NOUN,This is a made-up fantasy wood that comes from giant mushrooms,Barkshroom
WOOD.BEECH.ADJECTIVE,,Beech
WOOD.BEECH.NOUN,,Beech
WOOD.BIRCH.ADJECTIVE,,Birch
WOOD.BIRCH.NOUN,,Birch
WOOD.EBONY.ADJECTIVE,,Ebony
WOOD.EBONY.NOUN,,Ebony
WOOD.FIR.ADJECTIVE,,Fir
WOOD.FIR.NOUN,,Fir
WOOD.FUNGIWOOD.ADJECTIVE,This is a made-up fantasy wood that comes from giant mushrooms,Fungiwood
WOOD.FUNGIWOOD.NOUN,This is a made-up fantasy wood that comes from giant mushrooms,Fungiwood
WOOD.IRONWOOD.ADJECTIVE,,Ironwood
WOOD.IRONWOOD.NOUN,,Ironwood
WOOD.MAPLE.ADJECTIVE,,Maple
WOOD.MAPLE.NOUN,,Maple
WOOD.NUYTSIA.ADJECTIVE,,Nuytsia
WOOD.NUYTSIA.NOUN,,Nuytsia
WOOD.OAK.ADJECTIVE,,Oaken
WOOD.OAK.NOUN,,Oak
WOOD.PECAN.ADJECTIVE,,Pecan
WOOD.PECAN.NOUN,,Pecan
WOOD.PINE.ADJECTIVE,,Pine
WOOD.PINE.NOUN,,Pine
WOOD.RED_CEDAR.ADJECTIVE,,Red cedar
WOOD.RED_CEDAR.NOUN,,Red cedar
WOOD.RED_EMPEROR.ADJECTIVE,,Red emperor
WOOD.RED_EMPEROR.NOUN,,Red emperor
WOOD.ROSEWOOD.ADJECTIVE,,Rosewood
WOOD.ROSEWOOD.NOUN,,Rosewood
WOOD.SPRUCE.ADJECTIVE,,Spruce
WOOD.SPRUCE.NOUN,,Spruce
WOOD.STAR_PINE.ADJECTIVE,,Star pine
WOOD.STAR_PINE.NOUN,,Star pine
WOOD.SYCAMORE.ADJECTIVE,,Sycamore
WOOD.SYCAMORE.NOUN,,Sycamore
